fecha;fiscal_res_primario;fiscal_res_primario_pip;fiscal_res_financiero;fiscal_intereses_netos;fiscal_ing_ganancias;fiscal_ing_iva_neto;fiscal_ing_aportes_ss;fiscal_ing_retenciones;fiscal_ing_der_import;fiscal_ing_deb_cred;fiscal_ing_bp;fiscal_ing_no_trib;fiscal_ing_capital;fiscal_gto_jubilaciones;fiscal_gto_asig_fam;fiscal_gto_pens_nc;fiscal_gto_pami;fiscal_gto_subs_energia;fiscal_gto_subs_transp;fiscal_gto_salarios;fiscal_gto_otros_func
2016-01-01;740.7000000000553;0.0;-2197.099999999945;2937.8;20340.3;20467.3;50824.0;5102.599999999999;3846.0;7764.7;161.6;2476.1000000000004;2.8;44934.7;4999.700000000001;7270.3;5436.5;3754.1;5732.200000000001;19098.9;4447.7
2016-02-01;-16642.40999999999;0.0;-20536.70999999999;3894.3;15531.2;20109.65;37246.3;3511.5;3678.7;7232.6;559.4;2292.6;5.1;40459.5;5842.299999999999;4493.4;5666.6;6464.2;4962.700000000001;19032.4;4943.2
2016-03-01;-30012.10000000001;0.0;-41832.2;11820.1;12671.4;21943.3;37906.8;6749.900000000001;4679.5;7890.7;160.10000000000002;3199.9;16.9;47091.5;12033.6;6211.3;5910.8;8585.199999999999;6180.7;18491.1;5161.8
2016-04-01;-10893.46000000002;0.0;-17074.86000000002;6181.399999999999;11897.8;22904.300000000003;42730.7;12214.0;4630.4;8815.4;380.9;2682.1400000000003;2.7;47794.7;7706.7;6168.7;5271.1;8525.400000000001;6488.5;16944.2;5068.2
2016-05-01;-11974.199999999984;0.0;-23993.599999999984;12019.4;25960.7;26738.4;42640.1;8199.3;4518.7;8918.6;2287.6000000000004;3002.0;85.8;48802.0;10586.3;7182.8;5893.2;14617.700000000004;6640.900000000001;17530.3;6108.7
2016-06-01;-44008.00000000006;0.0;-72587.30000000006;28579.3;25273.5;22217.800000000003;43029.5;5004.0;4612.299999999999;9262.9;1305.5;3706.500000000001;66.0;70395.9;8681.8;8054.8;6270.8;17157.800000000003;6993.299999999999;20272.4;6285.5
2016-07-01;-24366.2999999999;0.0;-27584.199999999903;3217.9;18613.800000000003;22482.3;59399.2;7698.3;4726.5;10098.0;692.4;3533.7000000000003;4.3;49197.1;7995.5;5974.1;6322.8;21771.4;6543.0;27085.3;6464.299999999999
2016-08-01;-35415.50468200003;0.0;-38775.40468200003;3359.9;17506.8361;24006.9882;46451.777418;4465.3;4998.0;9018.5;657.4;3784.7;16.1;49947.7;8867.599999999999;6165.3;9907.7;14912.3;7910.3;23008.9;6144.0
2016-09-01;-37017.29999999996;0.0;-48995.79999999996;11978.500000000002;17401.9;25256.3;46070.4;5249.099999999999;5294.000000000001;10122.3;249.90000000000003;4019.1;14.6;56049.4;9669.4;6806.9;6614.9;20204.300000000003;6592.300000000001;24103.2;6431.0
2016-10-01;-61868.29999999996;0.0;-77500.39999999997;15632.100000000002;17777.4;22917.1;46475.8;4507.3;4790.0;9186.2;608.8;4076.2;50.6;57251.8;9716.0;6741.7;8106.1;25779.3;6842.1;23634.6;11007.3
2016-11-01;-13299.749602000054;0.0;-19858.149602000056;6558.400000000001;19152.49;23910.64;51941.760398000006;4312.6;4410.8;10188.4;176.2;4183.700000000001;165.10000000000002;57462.9;9766.3;9389.2;6946.2;10606.1;6498.2;22753.1;8267.9
2016-12-01;-58768.90000000011;0.0;-83849.8000000001;25080.9;21295.3;24888.6;53370.9;5104.2;5209.9;10840.0;569.2;4323.199999999999;12.499999999999998;85080.59999999999;12294.0;5790.6;9060.8;56826.9;8862.900000000001;34876.9;9010.0
2017-01-01;3587.200000000099;0.0;-5555.899999999901;9143.1;21623.7;26497.3;67192.09999999999;5999.0;5031.2;10869.1;167.6;3843.2;1.2999999999999998;62979.6;9485.2;8162.2;7802.0;2890.8;5871.5;26104.6;7972.8
2017-02-01;-26746.800000000047;0.0;-29999.800000000047;3253.0000000000005;17376.4;24067.6;51972.2;1111.4;4181.5;9519.4;453.0;4373.5;44.0;60482.8;9670.0;7047.5;7245.400000000001;6078.8;7787.2;24611.9;4962.9
2017-03-01;-18184.199999999924;0.0;-35081.49999999993;16897.300000000003;16294.3;23844.300000000003;54312.1;5875.099999999999;5292.0;10941.1;198.6;4240.6;3.1;66508.9;16349.8;7910.9;7886.9;5753.299999999999;6141.900000000001;23869.6;6643.7
2017-04-01;-18663.600000000035;0.0;-49011.90000000004;30348.3;14551.7;26919.1;56286.100000000006;9223.4;4683.6;10817.7;487.1;5534.199999999999;1.5;65186.3;10203.6;7557.2;7080.4;9758.6;8339.7;23746.5;7464.9
2017-05-01;-27239.399999999998;0.0;-44045.2;16805.800000000003;25683.1;26732.1;57241.6;6162.2;4922.0;10758.3;217.0;5044.5;16.400000000000002;69835.5;12031.7;8357.2;7874.3;9241.4;7735.200000000001;23920.700000000004;8462.400000000001
2017-06-01;-57038.80000000005;0.0;-91852.20000000004;34813.399999999994;29958.9;28188.4;53914.9;5419.4;5519.3;12153.7;1740.6;5366.8;241.1;98340.1;11752.9;10041.9;8234.9;10799.100000000002;6749.599999999999;25913.4;11534.2
2017-07-01;-22089.600000000035;0.0;-32720.90000000003;10631.299999999996;25372.6;29200.1;77910.7;7620.9;5551.3;12252.3;1340.3;5007.8;2.9000000000000004;72582.0;10945.1;7770.2;10355.6;11104.7;8024.2;35041.399999999994;8827.2
2017-08-01;-24650.600000000035;0.0;-31545.200000000037;6894.6;23787.4;31746.7;58459.2;6450.1;6779.7;12028.6;1050.0;5537.1;9.5;70301.5;11634.6;7949.599999999999;8589.4;9156.8;6076.300000000001;27072.9;8695.1
2017-09-01;-31353.10000000001;0.0;-51176.600000000006;19823.5;25381.7;31390.1;60213.5;4811.599999999999;6494.599999999999;13199.8;965.7;4679.8;401.8;77812.59999999999;12133.0;8593.4;8856.0;8294.699999999999;6252.3;27448.5;9433.4
2017-10-01;-32494.79999999993;0.0;-61931.59999999993;29436.8;23973.2;31758.9;62464.6;3740.5;6523.7;11792.1;1041.0;5728.2;1008.9;81402.80000000002;12189.7;8487.9;8644.1;9107.6;6738.9;27698.9;8313.6
2017-11-01;-29661.499999999916;0.0;-46020.99999999991;16359.499999999996;23292.5;33841.7;62414.6;4073.7;6595.7;12947.6;361.6;5106.8;574.4;80885.79999999999;12448.9;9191.1;8673.4;8273.8;8239.9;28339.5;11752.500000000002
2017-12-01;-119607.10000000006;0.0;-150107.70000000007;30500.6;26877.2;34370.0;64872.2;5138.400000000001;4598.0;11725.6;836.3000000000001;6738.400000000001;465.1;115822.80000000002;12710.0;9331.0;9948.9;35192.8;12539.1;39425.3;10471.0
2018-01-01;3928.5999999999767;1958.0235822599764;-25889.400000000027;29818.000000000004;19290.7;38433.3;86641.7;2707.5;7780.9;19130.3;249.9;7469.700000000001;49.8;85101.20000000001;12215.7;7136.3;11252.0;2590.6;6199.4;31442.1;10313.5
2018-02-01;-20227.599999999977;-21258.971738349977;-27737.69999999997;7510.1;17608.0;35210.8;67189.8;3926.7;6272.5;13733.7;245.40000000000003;5535.0;43.8;81233.1;12619.7;8242.7;9165.6;2900.9;6973.200000000001;28631.0;8429.6
2018-03-01;-14701.899999999936;-20766.885907289936;-37895.899999999936;23194.0;18200.1;36396.5;69224.6;2130.2;7078.7;16212.5;735.3;5968.799999999999;331.5;85897.9;20282.6;9153.9;9817.9;2086.1000000000004;7397.9;28477.300000000003;8754.6
2018-04-01;-10342.399999999936;-11372.009880659936;-43459.09999999994;33116.700000000004;15636.9;36042.4;70874.8;5313.599999999999;7668.8;17938.4;223.2;6316.6;290.1;85563.59999999999;12713.6;8409.4;9896.9;7134.199999999999;8348.099999999999;28287.4;8089.0
2018-05-01;-7817.8000000000175;-9745.547250260017;-27339.20000000001;19521.4;29468.6;39946.4;69709.3;8202.3;8536.5;18695.2;238.2;5580.200000000001;1195.8;87936.19999999998;13485.6;9411.5;10086.0;13599.3;8256.7;28749.5;9577.2
2018-06-01;-56663.60000000012;-61450.93099248012;-88865.70000000013;32202.1;36345.2;41830.7;70828.79999999999;8294.8;8623.1;19793.7;1426.8;6681.4;192.3;129859.3;13772.8;12247.3;11292.3;23180.1;10332.7;30866.0;11371.6
2018-07-01;-14279.599999999948;-18845.599999999948;-62379.799999999945;48100.2;23148.6;40591.7;92571.3;4656.0;9599.0;18383.7;485.5;6194.9;4931.0;91199.5;15243.7;11328.3;11376.3;15373.0;8227.7;41403.4;9807.2
2018-08-01;-10356.40000000008;-11664.40000000008;-14517.30000000008;4160.9;26648.1;44103.9;71779.1;4170.2;10205.0;20351.1;723.4;6326.499999999999;1102.8;88126.6;14469.3;10490.9;11528.7;17187.7;6340.6;30511.4;10296.2
2018-09-01;-22854.300000000017;-28095.300000000017;-55858.200000000026;33003.90000000001;22869.5;46516.100000000006;72740.5;12694.8;10286.1;21832.2;308.40000000000003;5706.599999999999;642.8999999999999;93109.3;19083.9;10151.9;10771.1;20638.0;8909.2;31708.5;11371.8
2018-10-01;-16585.900000000023;-18871.900000000023;-78326.60000000003;61740.7;24311.5;50177.1;75837.1;14815.4;11381.7;21114.6;519.6;7992.799999999999;2877.3;98063.5;14945.4;10265.1;11026.3;19417.7;9448.3;33501.5;14267.2
2018-11-01;-33770.20000000001;-34442.20000000001;-72884.20000000001;39114.00000000001;25194.5;43505.0;77447.2;13949.7;8431.9;23113.7;173.8;6615.9;319.2;97724.0;14437.7;11502.7;10647.9;24466.0;9463.5;35311.3;13080.9
2018-12-01;-135316.2;-139694.2;-192774.2;57457.99999999999;28004.1;42823.9;77077.9;15703.3;8183.5;22292.3;488.3;9266.3;225.7;146609.1;21639.9;12915.0;12201.2;29313.0;12230.2;51945.8;20007.2
2019-01-01;16657.600000000093;16657.600000000093;-60037.89999999991;76695.5;18453.4;56602.1;111561.0;14706.2;9260.1;24540.9;160.09999999999997;11485.9;355.90000000000003;109339.8;15155.0;12862.3;14028.3;8182.3;9209.6;39387.6;11442.0
2019-02-01;6726.400000000052;6726.400000000052;-4905.899999999947;11632.3;18327.2;49920.9;88625.3;18037.5;7762.5;21078.5;467.2;9190.5;624.8000000000001;102991.2;14947.3;11011.5;12303.5;10081.3;7335.2;35672.0;11765.3
2019-03-01;-13037.000000000116;-13037.000000000116;-49838.40000000012;36801.4;18783.9;48942.100000000006;87168.6;17756.5;8972.1;25198.0;283.5;9506.7;249.5;112749.4;28703.6;12742.7;11329.0;10279.3;7550.699999999999;36544.7;11255.5
2019-04-01;498.5;498.5;-66072.90000000001;66571.40000000001;23869.6;46906.2;100634.1;21965.1;7931.6;23233.5;450.0;10610.2;624.2;117013.9;19561.2;12153.2;11804.1;14325.600000000002;8057.1;36632.7;14495.0
2019-05-01;25973.799999999872;25973.799999999872;-38634.20000000012;64607.99999999999;45011.4;60787.8;92507.3;37021.1;11368.7;28161.7;209.4;7122.1;195.2;121380.2;19348.3;13758.3;13052.4;16662.5;7283.8;39651.9;13748.2
2019-06-01;-6598.199999999895;-6598.199999999895;-67712.2999999999;61114.1;47682.4;54551.3;94352.3;29622.9;9739.5;26894.1;2483.5;8301.900000000001;64571.5;182831.9;20928.4;18093.9;14315.2;22662.9;10683.0;46694.7;15994.1
2019-07-01;4292.79999999993;4292.79999999993;-77867.00000000007;82159.8;33163.5;59295.4;128786.6;28876.7;11032.6;28594.3;843.8;9935.3;12392.5;136547.6;20799.4;13184.3;16401.1;35647.6;9661.1;52572.100000000006;15707.5
2019-08-01;13746.09999999986;13746.09999999986;-14798.000000000138;28544.1;34011.4;61407.3;100431.8;38381.3;12380.7;31301.3;2196.7000000000003;10152.5;11730.0;128016.2;19518.2;11101.8;15130.2;22146.1;11194.5;45716.5;14784.000000000002
2019-09-01;-25368.300000000047;-25368.300000000047;-76224.10000000005;50855.8;26752.1;62833.7;96030.3;30254.2;12870.1;30946.5;463.3;11351.9;13633.3;145697.0;26869.6;16157.0;13978.1;17510.1;10800.2;44185.6;16093.2
2019-10-01;8526.90000000014;8526.90000000014;-64247.199999999866;72774.1;23636.8;65888.7;100083.5;38898.0;14366.4;33331.5;2219.6;15339.6;12292.4;141761.19999999998;26550.2;15091.3;15380.2;14486.0;11027.1;45076.7;15959.0
2019-11-01;-6396.999999999942;-6396.999999999942;-73666.19999999992;67269.19999999998;28737.9;62282.1;108100.2;52706.0;13112.9;35086.6;412.8;10314.2;1031.0;154170.1;21839.9;15341.6;15843.8;23665.7;12938.8;46200.3;14599.7
2019-12-01;-120143.10000000003;-120143.10000000003;-225402.7;105259.6;33524.0;56335.600000000006;116157.9;62492.4;12190.7;34945.9;2181.3;9903.8;1941.8;235208.6;33179.1;27481.4;15579.3;18487.4;14610.1;68602.59999999999;12952.5
2020-01-01;-3765.899999999965;-3765.899999999965;-90817.89999999997;87052.0;29044.0;69965.0;153481.0;23502.0;13369.0;35361.0;343.0;10196.0;200.0;157761.9;23553.2;24743.4;16108.4;18451.0;12337.0;53074.0;14529.0
2020-02-01;-27497.100000000093;-27497.100000000093;-67577.7000000001;40080.6;30120.5;63561.4;127091.6;20892.6;9457.3;34563.5;2035.0;10066.0;7046.099999999999;160712.4;25743.2;15443.6;16419.4;21874.0;11578.9;53245.3;14172.0
2020-03-01;-124727.7;-124727.7;-166305.0;41577.3;23173.5;61510.2;123941.6;26895.2;11782.7;24901.7;572.3999999999999;11416.6;8260.2;175073.8;55624.1;16878.600000000002;18195.7;26089.6;14137.8;54244.9;13907.4
2020-04-01;-228821.59999999992;-228821.59999999992;-266049.49999999994;37227.9;22034.300000000003;55271.100000000006;106741.7;28210.3;9414.0;35693.7;2782.4000000000005;9575.5;9520.6;174627.4;28113.7;19737.1;25257.8;43590.4;14115.0;56487.3;18415.5
2020-05-01;-251287.00000000015;-251287.00000000015;-308219.1000000001;56932.1;46567.5;55983.2;103874.9;23622.3;11028.4;26728.0;2704.7;8389.8;8458.6;174690.5;26905.1;19077.2;19692.2;51711.0;15545.6;49213.1;18394.7
2020-06-01;-253706.19999999995;-253706.19999999995;-288565.19999999995;34859.0;50777.9;61650.9;115917.1;34474.7;12003.6;40847.6;9752.3;12826.8;14064.9;266373.5;27209.8;25001.3;24287.3;48684.7;14736.0;51460.00000000001;18880.4
2020-07-01;-155523.80000000034;-155523.80000000034;-189089.40000000037;33565.6;33234.5;62441.5;151886.80000000002;33057.200000000004;12220.4;36316.4;3503.0000000000005;13312.0;9281.8;182126.7;26516.9;18043.9;22666.9;47649.6;17636.199999999997;74329.1;16480.2
2020-08-01;-89499.40000000002;-89499.40000000002;-145552.0;56052.599999999984;46642.6;68610.9;125893.5;36141.2;13257.0;37775.5;17103.1;10388.9;8822.8;183295.2;27457.9;18349.4;22600.1;23768.8;16603.5;54931.3;15565.100000000002
2020-09-01;-167181.48999999982;-167181.48999999982;-212020.18999999983;44838.7;39423.0;75089.3;128711.4;44619.4;15802.0;39638.3;9092.2;9730.0;10457.899999999998;194892.7;31662.6;19429.4;20786.6;74853.1;17709.800000000003;53097.08;18152.8
2020-10-01;-81626.69999999984;-81626.69999999984;-112695.99999999984;31069.300000000003;47126.5;83681.4;128416.0;39045.7;16337.8;41925.3;15342.5;10611.9;9391.7;197160.1;30441.4;19496.3;25814.9;47426.5;18847.7;56615.3;18915.8
2020-11-01;-58692.80000000016;-58692.80000000016;-127029.30000000018;68336.50000000001;53633.600000000006;85679.6;130237.2;38919.9;17316.2;44354.8;7684.8;12160.4;8271.800000000001;202234.1;30876.2;21545.5;24906.0;32663.9;19124.0;58629.3;16442.6
2020-12-01;-307627.50000000023;-307627.50000000023;-318909.00000000023;11281.499999999998;57877.1;91052.30000000002;136825.3;27424.8;19227.6;42728.8;10300.6;12500.0;1733.3000000000002;303608.4000000001;55505.3;23529.1;28016.4;55574.8;24725.4;80703.20000000001;27094.800000000003
2021-01-01;24073.599999999977;24073.599999999977;-3030.300000000021;27103.9;52503.7;105174.4;189911.5;77103.3;20183.1;50544.3;2273.7;14333.5;1795.7999999999995;210523.7;32548.9;23035.1;25551.9;34829.899999999994;18412.2;79544.7;23961.5
2021-02-01;-18757.200000000183;-18757.200000000183;-64316.5000000002;45559.30000000001;59122.8;89310.6;160035.3;61816.0;17588.2;34411.1;8140.000000000001;13802.4;4.5;208629.8;31676.2;19658.3;20021.0;39151.2;22157.7;65172.69999999999;24794.4
2021-03-01;-74465.59999999986;-74465.59999999986;-117060.59999999986;42594.99999999999;47577.5;111086.1;166665.9;68448.3;22815.4;59118.2;2526.7000000000003;12022.3;5.8;225697.7;61776.100000000006;21362.0;25139.8;41352.3;23325.6;65870.9;31313.000000000004
2021-04-01;-11444.89999999979;-11444.89999999979;-57032.199999999786;45587.3;48151.7;114094.2;174467.5;78367.0;22748.4;56164.2;13453.3;24347.9;783.0999999999999;228567.7;36204.7;23337.6;25238.3;50114.6;14194.299999999996;66701.1;27641.2
2021-05-01;25713.58999999973;25713.58999999973;-64618.31000000026;90331.9;74983.3;106712.3;176353.2;88760.9;20588.5;48054.8;2115.8;96210.19999999995;3.4;231071.5;35349.5;25951.6;24665.0;83306.9;24076.4;71890.9;23849.3
2021-06-01;-153217.4800000001;-153217.4800000001;-207947.4700000001;54729.990000000005;79215.9;120901.1;176610.2;83161.40000000001;25886.7;67051.1;16454.9;103911.0;3.8;373959.2;50212.0;34013.7;30761.0;99153.8;37318.1;84860.20000000001;30281.1
2021-07-01;-98570.29999999992;-98570.29999999992;-163155.68999999994;64585.39;61585.1;121594.9;255896.7;74398.0;24586.5;65935.1;3071.8;40133.3;847.8999999999999;258511.6;46529.0;24403.7;30425.8;119215.9;27995.6;112518.5;41738.5
2021-08-01;-124835.49999999952;-124835.49999999952;-193393.19999999955;68557.7;77966.8;125621.9;198089.1;81720.5;23675.6;62709.0;20859.0;38893.59999999999;3.6;265103.6;50417.600000000006;29819.8;25221.9;126229.5;21435.4;86103.1;49459.19999999999
2021-09-01;291428.3999999998;291428.3999999998;237250.4999999998;54177.9;71061.59999999999;136101.5;205432.1;77750.3;30124.1;71511.2;7293.3;36249.5;1269.5;290416.5;46590.2;27971.7;32694.7;119871.5;21097.9;96777.4;39559.1
2021-10-01;-209168.7000000003;-209168.7000000003;-277094.2000000003;67925.5;78713.59999999999;127457.5;213957.4;89354.1;27529.6;69475.5;14972.5;27227.9;593.5;296857.00000000006;59054.2;27278.1;39841.8;122475.8;30582.9;98751.2;62896.0
2021-11-01;-134652.8999999999;-134652.8999999999;-242089.1999999999;107436.3;80173.1;140227.1;220312.0;71215.8;28839.7;70832.9;5185.0;27652.300000000003;7427.8;301817.2;60846.600000000006;31860.0;27507.5;98266.6;26836.0;101465.6;37454.0
2021-12-01;-496343.6000000005;-496343.6000000005;-511994.50000000047;15650.9;91243.0;159166.7;244559.9;84747.6;35653.399999999994;83627.7;12850.8;17852.5;1441.6;481563.6;62759.3;48131.600000000006;40150.9;116833.0;36865.9;148904.0;57805.0
2022-01-01;-16698.03344600019;-16698.03344600019;-150663.83344600015;133965.79999999996;81366.09999999999;161764.4;323334.9;67322.7;33632.7;77525.2;2189.8;24881.800000000003;1410.3000000000002;344511.69999999995;60748.600000000006;37421.3;38067.3;61264.5;22371.800000000003;123835.5;37763.041646
2022-02-01;-76283.49999999977;-76283.49999999977;-136898.79999999976;60615.3;83144.3;148772.4;262230.4;94698.7;29538.2;76678.2;11896.999999999998;18460.4;1367.5;334809.8;57444.0;32264.3;38361.2;76105.4;33652.9;113488.2;33404.5
2022-03-01;-99753.30000000005;-99753.30000000005;-172029.30000000005;72276.0;76445.5;176736.2;272291.10000000003;145822.1;39245.1;77161.1;3708.8;26768.800000000003;2398.0;354744.1;104740.1;35376.7;40263.6;185614.3;35254.600000000006;113742.7;55460.99999999999
2022-04-01;-79184.80000000028;-79184.80000000028;-146314.60000000027;67129.79999999999;91798.3;191994.7;298427.19999999995;89317.9;36261.5;92643.8;13863.7;29627.7;2170.9;380731.9;71056.4;35341.9;41043.0;116673.30000000002;44041.3;123205.5;52112.1
2022-05-01;-162411.7465789998;-162411.7465789998;-242432.54657899975;80020.79999999999;157493.9;186670.7;310206.8;116347.6;35418.6;90638.3;4157.6;22077.0;1231.5;384712.3000000001;68912.8;40586.1;44466.5;133324.6;42021.9;128876.7;41396.4
2022-06-01;-321644.40000000014;-321644.40000000014;-396577.40000000014;74933.00000000001;170866.7;213906.3;325383.2;98082.7;42320.7;109985.1;33628.5;27161.7;1823.8;627961.6000000001;72874.6;76694.90000000001;45880.1;137944.5;33298.7;152542.2;41095.4
2022-07-01;-1945.3000000002796;-1945.3000000002796;-131662.80000000028;129717.5;143258.4;225592.9;445250.1;105081.3;44524.7;122102.8;12987.6;41098.0;1965.9;444071.6;71818.9;42168.7;44794.0;211901.0;30895.800000000003;210831.4;45794.4
2022-08-01;-210051.80000000028;-210051.80000000028;-370104.40000000026;160052.6;150565.3;233380.4;360080.00000000006;81701.3;48563.4;114387.0;21618.6;36300.0;3285.7;443860.7;77621.8;42641.5;63440.600000000006;185591.3;37987.0;170976.0;55756.6
2022-09-01;80624.29999999958;80624.29999999958;-4444.100000000428;85068.40000000001;156030.0;249582.4;382008.1;322330.10000000003;52686.8;135912.1;10640.3;46294.4;3117.5;502217.5;97417.3;57671.5;54241.1;180193.3;34564.3;177612.0;54871.9
2022-10-01;-103049.1000000008;-103049.1000000008;-185251.4000000008;82202.29999999999;186926.2;265829.5;403791.3;186223.7;47816.59999999999;129582.2;20614.8;39241.7;1782.1999999999998;523131.00000000006;95642.6;57394.9;56770.6;196815.8;35995.7;181855.4;48610.0
2022-11-01;-227838.29999999932;-227838.29999999932;-531277.0999999994;303438.80000000005;191551.4;280291.60000000003;427590.9;48334.8;54477.8;136102.0;7658.400000000001;64739.3;11130.5;527551.4;98717.2;62939.3;66701.7;124388.5;44765.19999999999;196358.7;59744.3
2022-12-01;-441512.0;-441512.0;-685100.9;243588.9;206859.5;300351.1;463621.1;162784.0;56238.4;155140.3;22453.3;38794.7;8339.5;821928.5;88228.6;77421.3;87542.7;47127.7;65419.5;293701.30000000005;80009.9
2023-01-01;-203938.30000000028;-203938.30000000028;-537969.7000000002;334031.4;166273.3;328790.69999999995;651670.6;94979.7;55107.0;152989.8;9203.9;61497.5;71.8;655677.2000000001;87333.1;55216.100000000006;72615.6;134043.0;47960.5;267832.3;71399.1
2023-02-01;-228134.00000000023;-228134.00000000023;-485590.90000000026;257456.9;165728.1;308197.8;542478.6;52093.0;38074.5;151398.6;23274.6;46727.9;70.60000000000001;609227.6;77870.2;58219.9;76556.6;129752.19999999998;54949.2;232079.6;57108.1
2023-03-01;-257855.49999999977;-257855.49999999977;-388005.79999999976;130150.3;154801.3;385690.6;573487.5;46528.6;67672.0;174178.8;10034.5;43077.1;24.5;679505.1;150902.8;66068.2;92336.6;95572.8;43643.9;262666.69999999995;64073.20000000001
2023-04-01;-331372.7999999996;-331372.7999999996;-407387.9999999996;76015.2;175985.2;413202.6;628287.5;59802.5;60528.1;183196.1;23455.3;55922.4;9.6;728372.7999999999;104141.5;66058.4;92907.4;229759.8;49757.100000000006;279644.3;61961.0
2023-05-01;-247650.89999999944;-247650.89999999944;-631071.7999999995;383420.9;296672.3;458935.3;679248.7999999999;136134.9;74279.8;218206.7;14904.6;62760.9;20.7;740038.4;99547.0;78033.7;109544.2;359338.4;69211.59999999999;292075.6;91885.6
2023-06-01;-611742.5000000009;-611742.5000000009;-708603.4000000008;96860.89999999997;301933.3;526656.1;691525.7999999999;212391.2;85034.5;230569.8;84002.3;69499.3;153.2;1253895.5;127625.8;112649.7;113876.7;341941.30000000005;81611.2;344140.6;100215.3
2023-07-01;-334365.99999999953;-334365.99999999953;-754243.1999999995;419877.2;255183.0;531173.6;1005256.6;60900.600000000006;84649.70000000001;251846.3;27699.8;100378.8;19.599999999999817;888752.8;141074.4;81501.7;121278.6;262687.5;82821.1;485467.3;110853.80000000002
2023-08-01;-36964.39999999991;-36964.39999999991;-384504.4999999999;347540.1;318429.3;621791.4;845797.7999999999;103948.7;115081.0;272482.0;46391.2;89321.19999999998;214.80000000000035;950294.6;120785.1;86760.5;145144.2;320529.1;65509.1;396351.9;136455.6
2023-09-01;-380473.4000000004;-380473.4000000004;-511532.7000000004;131059.30000000005;295604.80000000005;735389.4000000001;862116.8999999999;111109.9;124862.3;310175.5;22559.0;79585.6;20.100000000002197;1085557.7000000002;154497.09999999998;100446.6;199508.6;177660.0;81118.4;437156.1;127051.90000000002
2023-10-01;-330338.19999999925;-330338.19999999925;-454248.89999999927;123910.7;354061.7;682696.2999999999;910489.4;172673.5;131504.5;346858.1;36548.9;120594.2;22.199999999998905;1132767.8;149865.9;101394.4;243566.4;220134.0;89967.4;480500.4;143077.3
2023-11-01;-210484.39999999944;-210484.39999999944;-754956.3999999994;544472.0;340876.30000000005;758863.4000000001;1059419.5;96797.3;116813.4;375202.3;35127.2;399257.0;56.60000000000001;1163769.2999999998;145728.8;117786.2;262916.9;137828.40000000002;114765.2;542296.7000000001;137287.2
2023-12-01;-1991316.1000000008;-1991316.1000000008;-2400352.9000000004;409036.7999999999;282669.1;899360.6;1169986.9;382499.1;145653.1;340825.3;59139.9;101734.5;41.800000000000274;1948978.8;188949.0;153217.1;258651.8;542422.3;134737.2;1017615.9;170202.5
2024-01-01;2010745.5000000005;2010745.5000000005;518407.60000000056;1492337.9;369131.8;1278107.9;1731459.8;640461.2;263050.3;532937.2;12817.1;147215.7;8.0;1437651.1;257437.8;162025.2;265865.7;108393.7;140896.9;691168.0;170394.9
2024-02-01;1232524.500000001;1232524.500000001;338112.4000000009;894412.1;401261.3;1260110.4;1581907.2000000002;262976.8;188037.0;560048.2;29895.7;121732.59999999998;9.100000000000364;1420791.0;254718.4;125129.2;281221.6;271045.1;123598.2;779832.7999999999;138137.2
2024-03-01;625034.0999999978;625034.0999999978;276638.1999999978;348395.9;369759.2;1264664.1;1779992.6;313835.0;190225.3;589073.0;6661.7;173926.5;10.3;1821019.8;681877.0;154268.2;307190.0;308939.2;104053.2;823892.3;178712.3
2024-04-01;264951.60000000056;264951.60000000056;17408.80000000057;247542.8;434520.4;1478647.2;1995517.8;309919.9;233897.3;600619.6;30894.0;207287.8;3663.1;2093967.4;332272.5;198204.4;387020.4;779584.9;161157.7;894497.8;198821.0
2024-05-01;2332205.4000000022;2332205.4000000022;1183571.0000000023;1148634.4;2150038.8;1411777.5;2259602.7;741907.8;222291.1;626860.9;10226.0;185038.9;223.2;2339382.7;323446.2;215915.6;412607.0;948106.9;150994.5;939206.9;218223.1
2024-06-01;488568.8000000017;488568.8000000017;238188.8000000017;250380.0;944915.0;1563865.1;2324901.3000000003;444032.1;161557.2;870373.3;125861.4;169839.6;25.0;3830359.0;467979.0;372363.9;455283.6;238660.8;154948.1;1038442.8000000002;183910.7
2024-07-01;908252.5;908252.5;-600957.2999999998;1509209.7999999998;690462.4;1706988.9;3355430.9;553660.9;266627.5;863209.4;9548.7;254292.7;608.3000000000008;2746495.8000000003;533103.0;264276.2;558090.5;833909.1;217560.1;1378254.6;282430.0
2024-08-01;899659.9999999991;899659.9999999991;3530.499999999185;896129.4999999999;770457.7000000001;1791168.9;2664023.6;433867.1;259563.5;905096.2;110409.1;269414.4;14.900000000001455;2843270.8;500338.5;275261.1;388099.8;870817.8999999999;269681.19999999995;1039966.5;345722.1
2024-09-01;816447.1000000006;816447.1000000006;466630.7000000005;349816.4;779197.2;1882918.7;2755434.2;532560.7;282635.0;854269.2;369058.3;260964.0;300.2999999999986;2972172.0;519178.4;284538.2;604054.6;512970.3999999999;177623.3;1073545.6;287882.30000000005
2024-10-01;746920.5000000056;746920.5000000056;523398.0000000056;223522.5;763173.2;1998866.6;2851968.1;552241.9999999999;398544.4;933109.3;99412.4;257462.3;1.5;3058118.4;548609.4;276367.1;591704.7;608492.9;202722.7;1161699.4;251363.9
2024-11-01;1381545.4000000004;1381545.4000000004;357162.2000000003;1024383.2;947063.1;1944884.6;3024922.8000000003;558928.2;336293.9;984843.3;55827.3;213925.5;48.90000000000218;3208887.7;572444.6;296890.3;706416.5;346808.8;206435.8;1133684.3;262817.7
2024-12-01;-1301045.8000000007;-1301045.8000000007;-1557305.3000000007;256259.5;900983.2;2008557.4;3119097.2;557787.7000000001;345268.4;956679.7;36766.2;280124.9;171.1;4882774.600000001;609592.2;453040.1;484826.0;656332.5;184169.2;1634415.3000000005;521829.8000000001
2025-01-01;2434865.299999999;2434865.299999999;599753.1999999988;1835112.1;874275.8;2453627.1;4379545.899999999;543902.9;413646.4;1086915.2;19087.2;278129.5;60.1;3452664.2;603736.5;309687.0;613294.9;213349.8;197751.5;1341592.2999999998;443075.3000000001
2025-02-01;1176915.3000000007;1176915.3000000007;310726.2000000008;866189.1;889871.8;2155450.7;3480115.2;523881.2;383497.2;976645.6;26557.6;221109.4;56.89999999999854;3566774.9;615040.4;296976.0;620835.3;155911.30000000002;264248.4;1209045.2000000002;325724.5
2025-03-01;745339.4999999981;745339.4999999981;398909.2999999981;346430.2;755385.7;2015445.2;3554658.3;558782.7;360962.0;924867.7;12144.1;225239.0;20.80000000000141;3642958.2;1116001.7000000002;302425.10000000003;619562.4;145025.6;223367.2;1147470.3;295388.1
2025-04-01;845949.0999999996;845949.0999999996;572340.9999999997;273608.1;782838.8;2151025.8;3692211.3;691636.6;417004.20000000007;1035324.3;22685.0;390088.0;55.3;3738242.3;653162.8;309226.6;658002.4;251635.0;217793.0;1265268.9;452545.9
2025-05-01;1696917.3999999966;1696917.3999999966;662122.8999999968;1034794.5;1721970.4;2017721.8;3716603.9;660609.0;391195.7;1105286.5;15605.999999999998;242227.6;13.700000000000728;3896831.7;651757.3;328110.1;577402.2;482305.8;247942.9;1275277.6999999995;411231.4
2025-06-01;790532.9000000004;790532.9000000004;551234.2000000004;239298.69999999995;934665.6;2345595.5;3658124.0;1197749.5;388523.1;1054560.3;457079.8;259192.4;42382.8;5693396.5;684312.5;502718.50000000006;656855.2;237271.6;169870.0;1339245.4;334790.5
2025-07-01;1749385.500000002;1749385.500000002;-168515.19999999832;1917900.7;1065336.4;2351668.9;5028168.300000001;1141728.0;479484.9;1276873.5;41627.7;350521.8;2948.5999999999995;4370060.3;692010.7999999999;337316.3;705964.5;817062.2;258234.6;1693146.3;461852.1
2025-08-01;1556864.0000000035;1556864.0000000035;390300.5000000035;1166563.5000000002;1080636.1;2408371.9000000004;3765602.9;406573.7;470676.9;1228328.4;42856.3;352963.5;356.3000000000002;4141615.7;688762.4;327204.9;609077.8;704710.5;217449.7;1292965.9;457517.20000000007
2025-09-01;696965.1000000015;696965.1000000015;309623.40000000154;387341.7;954331.3;2513245.6;3798284.9;522190.4;581749.7000000001;1183900.3;38398.4;309135.8;28914.3;4265340.9;818321.3;330450.6;671311.5;700015.9;259996.4;1263290.6;465390.1
2025-10-01;823924.8000000007;823924.8000000007;517671.7000000007;306253.10000000003;1082138.4;2628353.2;3875999.8;276898.10000000003;660479.6000000001;1317466.4;38097.5;399802.9;90.9;4341679.1;728476.2;342646.6;735410.5;780058.8999999999;257978.9;1416199.3;492163.1
2025-11-01;2128009.399999995;2128009.399999995;599953.7999999947;1528055.6;1148631.9;2461208.0;3949433.7;240810.5;477262.2;1207570.9;23711.7;315589.1;7749.099999999998;4447334.800000001;754741.3999999999;342566.7;509466.2;489081.9;209342.5;1247829.8;309563.3
2025-12-01;-2876449.600000005;-2876449.600000005;-3290301.900000005;413852.3000000001;1156709.0;2531677.1;4089727.0;310655.2;494885.7;1371036.7;37184.4;419436.6;12498.6;6753414.800000001;821773.3;633495.6;762337.0;735569.4;220524.0;1865772.0;599759.7
2026-01-01;3125737.299999999;3125737.299999999;1105158.9999999988;2020578.3;1123550.6;2855645.6;5576593.4;427224.6;469674.2;1381392.8;21581.2;380980.8000000001;1043879.2;4699344.1;803531.0;377726.0;815419.0;822791.3;242347.6;1582285.0;408027.5
2026-02-01;1410639.7000000067;1410639.7000000067;144421.3000000068;1266218.4;1138014.2;2493294.3;4384452.8;417196.4;353025.10000000003;1198409.0;30386.3;325995.4;2342.999999999998;4830096.899999999;870218.0;390372.2;726984.7;348417.0;206070.10000000003;1481389.8;308711.6
