fecha;ica_expo_total;ica_impo_total;ica_saldo;ica_expo_pp;ica_expo_moa;ica_expo_moi;ica_expo_ce;ica_impo_bk;ica_impo_bi;ica_impo_cyl;ica_impo_piezas;ica_impo_bc;ica_impo_vehic;ica_impo_resto
2003-01-01;2194.600115;798.965113;1395.6350020000002;370.35349;753.615504;607.407919;463.223202;96.300775;423.973575;41.363525;136.22486;88.500221;11.690994;0.911163
2003-02-01;2128.348099;776.897236;1351.4508629999998;428.562436;706.271563;520.12542;473.38868;114.511506;390.455524;38.293964;131.55401;88.108937;13.256141;0.717154
2003-03-01;2252.140654;933.671292;1318.4693619999998;507.637171;678.495972;641.022722;424.984789;201.05768;426.986108;34.298686;159.565522;97.027439;13.852896;0.882961
2003-04-01;2458.771586;1109.900313;1348.8712729999995;814.762614;662.055442;594.653119;387.300411;180.06337;525.552222;53.139875;186.211828;128.417864;35.590802;0.924352
2003-05-01;3122.970139;1085.073495;2037.896644;898.917291;864.310822;957.103502;402.638524;152.683301;536.803492;59.122639;184.060344;125.404555;26.029639;0.969525
2003-06-01;2874.302247;1149.080471;1725.221776;909.610853;886.388044;658.448693;419.854657;179.687443;534.58596;61.500779;181.906962;147.349396;42.900399;1.149532
2003-07-01;2835.561342;1259.782508;1575.778834;815.672222;917.47846;644.653358;457.757302;210.569511;575.72733;46.239525;206.075704;168.876432;51.05717;1.236836
2003-08-01;2346.896698;1135.068814;1211.827884;403.893268;840.280832;606.823289;495.899309;176.782067;524.548437;37.646632;198.886504;151.302499;44.710817;1.191858
2003-09-01;2368.509313;1318.22355;1050.285763;339.077156;867.260403;696.371918;465.799836;245.849931;575.619592;39.183944;217.944966;171.785933;66.871315;0.967869
2003-10-01;2441.194198;1439.599106;1001.5950920000002;319.869864;947.327605;732.546226;441.450503;264.288139;607.070695;43.657334;250.85529;208.62121;64.081589;1.024849
2003-11-01;2453.730904;1336.225802;1117.505102;334.885845;981.534503;659.641509;477.669047;252.81601;515.976057;54.100537;248.761943;194.978102;68.580274;1.012879
2003-12-01;2461.72732;1508.286436;953.440884;327.786151;899.067238;728.06645;506.807481;375.04597;571.914203;41.259058;232.45223;216.002646;70.111;1.501329
2004-01-01;2322.450679;1608.575067;713.875612;434.661098;858.538257;587.595138;441.656186;507.070979;592.404385;58.417359;228.114913;163.01275;52.541995;7.012686
2004-02-01;2395.035139;1363.731431;1031.303708;415.13754;940.540346;628.56695;410.790303;303.029737;556.003629;44.850202;223.099589;155.900925;72.420495;8.426854
2004-03-01;2657.573743;1690.058163;967.51558;511.365779;883.874646;748.945032;513.388286;340.167822;710.416246;39.959885;308.035509;197.9737;81.511212;11.993789
2004-04-01;3039.747864;1650.876869;1388.870995;893.276022;1015.680587;672.510393;458.280862;372.902361;628.988881;67.969772;302.192361;178.64831;87.162646;13.012538
2004-05-01;3394.395773;1792.15734;1602.2384330000002;934.62311;1199.556717;760.79588;499.420066;336.764896;695.376782;130.610785;303.344987;201.907342;109.697283;14.455265
2004-06-01;2950.695035;2039.339799;911.355236;639.642371;1046.948411;787.740696;476.363557;416.388331;739.856319;192.506324;332.465542;215.550862;127.086228;15.486193
2004-07-01;3034.288112;1969.827469;1064.460643;654.617395;1090.807801;784.400919;504.461997;439.09088;741.489953;109.064609;331.818764;214.73985;118.936997;14.686416
2004-08-01;2944.953517;2031.629332;913.324185;608.9714;994.954964;828.248706;512.778447;440.434041;817.720796;72.528441;341.288282;215.826403;129.261887;14.569482
2004-09-01;3001.937097;2025.221298;976.715799;540.616568;967.863521;840.778713;652.678295;519.375224;747.600931;66.571858;318.311713;244.041043;116.18308;13.137449
2004-10-01;2830.652208;1972.50071;858.151498;318.626455;947.983628;950.911991;613.130134;462.372933;723.162426;81.919674;322.713673;254.674329;113.379943;14.277732
2004-11-01;3041.861773;2192.617922;849.2438510000002;440.133818;1047.949453;1015.42126;538.357242;526.324522;833.969437;71.214718;362.5841;290.025981;93.1797;15.319464
2004-12-01;2962.142762;2108.745995;853.3967669999997;460.325133;931.633657;1010.463491;559.720481;584.245197;725.150803;67.707096;355.559328;265.87386;94.982821;15.22689
2005-01-01;2781.105834;1901.013368;880.0924660000001;508.069267;902.554747;828.721398;541.760422;414.775397;766.878877;86.204834;333.851497;215.259447;72.577251;11.466065
2005-02-01;2606.256268;1867.287144;738.9691240000002;500.579873;838.735013;831.014551;435.926831;395.336593;739.577823;86.010411;307.208628;216.621515;114.084934;8.44724
2005-03-01;3054.434593;2197.568086;856.8665069999997;656.222059;972.020431;916.2552;509.936903;469.991165;881.839474;79.084763;401.135034;233.058332;122.527357;9.931961
2005-04-01;3560.857241;2379.914676;1180.9425650000005;939.068339;1039.671591;1008.039167;574.078144;517.107523;875.863612;184.347743;437.072297;243.40266;107.284846;14.835995
2005-05-01;3695.289604;2475.966974;1219.32263;1028.903986;1121.712697;997.304576;547.368345;504.224742;921.800853;192.44659;465.41582;247.432677;133.0582;11.588092
2005-06-01;3450.194061;2723.616025;726.5780360000003;789.589027;1132.288234;928.947764;599.369036;735.482566;911.891484;201.348985;458.224116;254.952021;149.356897;12.359956
2005-07-01;3601.002091;2349.035213;1251.9668779999995;831.803651;1167.940995;1016.60387;584.653575;539.648485;857.856742;153.765463;405.358958;257.289104;125.965501;9.15096
2005-08-01;3837.365402;2625.668765;1211.696637;771.111688;1291.226105;1071.790729;703.23688;624.331875;912.022149;128.121405;449.567918;294.513044;205.464875;11.647499
2005-09-01;3482.929591;2468.084267;1014.845324;577.067534;1131.642619;1061.418057;712.801381;652.356617;814.534925;110.351253;445.893132;307.071896;126.473472;11.402972
2005-10-01;3398.857098;2502.677288;896.1798100000001;433.101699;1192.601218;1119.025398;654.128783;660.953109;831.582873;98.284058;451.405407;306.161735;144.703305;9.586801
2005-11-01;3273.907216;2701.127099;572.7801170000002;363.84687;1148.271045;1144.666361;617.12294;742.894446;917.397095;98.048104;459.110023;323.142293;150.486491;10.048647
2005-12-01;3644.568092;2494.934538;1149.633554;711.261299;1202.618359;1061.015352;669.673082;679.070823;842.141042;127.377309;385.926746;299.864121;149.961335;10.593162
2006-01-01;3187.531177;2323.638112;863.8930649999998;575.224172;1116.574616;846.428801;649.303588;521.717064;891.958774;99.619915;379.050506;261.268511;161.043749;8.979593
2006-02-01;3089.947949;2326.038661;763.9092879999998;566.794717;1040.095413;895.642557;587.415262;546.42943;827.447972;99.807615;421.382732;261.617949;160.207926;9.145037
2006-03-01;3647.990741;2722.105671;925.8850700000004;704.605302;1134.064724;1210.793438;598.527277;634.381882;971.392834;124.73633;507.17448;307.085216;166.163712;11.171217
2006-04-01;3925.341341;2545.466974;1379.874367;971.17644;1124.568778;1119.685602;709.910521;629.998178;842.835198;132.514768;483.904496;287.878679;156.909164;11.426491
2006-05-01;4181.28525;2825.927528;1355.3577219999995;919.834573;1332.889855;1328.830243;599.730579;649.90923;984.372371;132.292167;525.445923;340.712605;182.734286;10.460946
2006-06-01;3847.778902;2859.179374;988.5995280000002;760.287073;1167.743369;1203.655798;716.092662;638.286629;988.656241;217.287539;517.235441;306.080551;181.371242;10.261731
2006-07-01;3816.863287;2852.366353;964.4969340000002;629.396227;1305.835687;1224.254339;657.377034;653.709246;989.638883;179.498386;561.594293;303.860217;155.269207;8.796121
2006-08-01;4246.164905;3280.79365;965.3712549999996;809.029822;1389.329301;1401.558898;646.246884;780.566154;1119.046675;222.492639;601.578541;369.979956;178.13068;8.999005
2006-09-01;4048.108245;3169.427338;878.6809069999999;606.191646;1367.560121;1434.415312;639.941166;816.093412;1069.911157;184.307293;583.122483;354.726592;151.292699;9.973702
2006-10-01;4203.734877;3255.114048;948.620829;710.025985;1471.344651;1305.749691;716.61455;815.241872;1094.031139;140.119813;611.381789;379.920401;205.173711;9.245323
2006-11-01;4110.081663;3237.230204;872.851459;685.807569;1338.815844;1463.114599;622.343651;738.36033;1135.597738;119.474102;657.01634;394.351829;182.255243;10.174622
2006-12-01;4241.374428;2756.394597;1484.979831;686.994912;1476.122879;1408.769042;669.487595;723.270491;940.979714;80.000709;505.858478;340.093729;156.526248;9.665228
2007-01-01;3389.549992069999;2951.042255280001;438.507736789998;608.6586779900001;1109.3089311199994;1114.3508365099992;557.23154645;688.38431723;1116.2164428900005;121.38437359000002;531.2427686699999;331.90709277999986;154.2511408;7.656119319999999
2007-02-01;3587.3380862500007;2790.78121339;796.556872860001;640.8926523199997;1236.7863268200006;1152.1884826000007;557.4706245100001;679.3205127699999;986.06723087;83.25576312999998;510.58031129;313.13030805;209.28809406;9.13899322
2007-03-01;4172.585854390002;3422.11019552;750.475658870002;905.2904233500002;1258.3859260100012;1398.7277908300014;610.1817141999999;828.8126372700002;1185.31632298;123.90884765;637.1377624000003;386.66161946;249.78726704;10.48573872
2007-04-01;4298.555498040003;3060.8982461999994;1237.6572518400037;1166.714030060001;1349.0422353200008;1188.38087591;594.4183567500002;715.5236185699999;1075.47053049;116.10313811;596.33429652;346.24789267000006;201.31367289;9.90509695
2007-05-01;4855.844752780002;3542.11578779;1313.7289649900015;1261.326803350001;1580.1866416099986;1401.4873783100015;612.8439295099998;839.0684572000004;1214.9705369699998;185.77561679;653.9295666499999;378.8306990200004;260.20174614;9.33916502
2007-06-01;4521.093598310001;3578.9387432399994;942.1548550700012;1106.3930544800012;1506.3612137999992;1412.62978897;495.70954106;795.7979218899998;1219.1064751799993;336.14214837;661.1665528000001;373.02453918000015;183.62382150000005;10.07728432
2007-07-01;4614.2473973000015;4125.808592359999;488.4388049400022;1123.571868290001;1671.0758672100003;1362.8945257200005;456.7051360800001;886.3762493799999;1388.4609612400002;469.1739555099999;680.8744542799999;435.9989399900001;254.7494111000001;10.17462086
2007-08-01;4921.64104283;4606.396253120001;315.24478970999826;1156.2231803799998;1699.9083665099993;1562.6632453900006;502.84625055;1053.9872171000004;1484.6523465000005;544.9677658700002;796.1718004600002;483.37474949000006;232.64798405000008;10.59438965
2007-09-01;4827.809136579996;3963.060971409999;864.7481651699973;1092.1052801299995;1773.371095589998;1496.4505739399992;465.8821869199998;866.6751875099997;1456.1881800499996;254.94288638000003;672.5056429499999;471.7586781400002;230.47500209;10.51539429
2007-10-01;5580.779716909999;4400.47768436;1180.3020325499983;1196.8561865999998;2060.080213609999;1617.8841042;705.9592125;973.90047441;1542.7552724100003;229.57093314;842.3186943100002;559.6124567900002;242.61397609;9.70587721
2007-11-01;5424.214016389998;4384.4998271800005;1039.7141892099971;1002.4190323500004;1988.657932939999;1702.5724844299984;730.5645666699999;1084.3828870700002;1465.1707124000002;194.23902003000003;817.8140827400001;548.3629484400001;265.75948942;8.77068708
2007-12-01;5786.649493790001;3881.333625869999;1905.3158679200012;1225.1208033000005;1979.9080721300013;1922.5556380899995;659.0649802699999;1104.1018484499991;1236.89687487;185.12705353999996;665.05569398;458.35544381000005;223.82173467;7.97497655
2008-01-01;5818.32826609;4478.526454259999;1339.8018118300015;1612.6778957899996;2058.1196480399994;1488.6798474400002;658.85087482;1167.9299639999997;1613.1040491499996;101.67576429;783.9918682299997;495.34833916;308.33768537000003;8.138784059999999
2008-02-01;5225.658045969997;4209.776815439999;1015.881230529998;1181.733778989999;1787.223142439997;1462.3629020400012;794.3382225;1141.4776984499997;1530.91874903;129.58101441000002;640.6294306200001;462.2721181099997;296.71934527;8.17845955
2008-03-01;4990.844420660001;4163.39683265;827.4475880100008;1034.26980941;1503.70844112;1710.0082387600012;742.8579313699998;982.95624254;1428.4301062699997;191.3808003;776.91620093;434.2838365199999;340.09860937;9.33103672
2008-04-01;5845.656352610001;4929.5734442600005;916.0829083500004;1553.89211762;1799.6203219900012;1669.6850357799997;822.45887722;1086.99528327;1785.45174738;329.47368912;880.8256656099998;518.0566087200001;319.27136394;9.49908622
2008-05-01;6240.288925699999;5200.464704700001;1039.824220999998;1652.4091866899992;2266.4451394300017;1772.5898697699986;548.8447298099999;1053.80184191;1769.05693781;641.6948457999997;888.7287934900003;505.5665305500004;332.72600693000004;8.88974821
2008-06-01;5407.031526669999;5195.991739640001;211.03978702999848;1443.3685642999994;1713.3751385099986;1741.8530373300005;508.4347865300002;989.1961011899998;1758.852617840001;731.43706363;864.5760979400001;482.6645485;360.04148791999995;9.22382262
2008-07-01;7010.518236980002;6046.82699384;963.6912431400024;2096.33024948;2243.0958028000005;1973.0302213300015;698.0619633700003;1199.43636295;2123.86335594;796.7525801900002;996.6913552099998;548.96388788;370.70454388;10.41490779
2008-08-01;7366.700279969999;5158.74708221;2207.953197759999;1723.1905579599993;2609.86894139;2141.18812438;892.45265624;1057.9620981799997;1825.54911507;452.87834505;935.54573541;534.66937119;342.75546701;9.3869503
2008-09-01;6918.725594860006;5310.894733420001;1607.8308614400048;1434.8924777500015;2517.614768529999;2298.1789372600056;668.0394113199998;1065.8843010000005;1908.50482476;425.0000780699999;947.1734026900004;594.19017929;359.14631172;10.995635890000004
2008-10-01;6061.192407920006;5128.95839239;932.2340155300062;1115.033932000001;2172.772612980004;2141.8744457100006;631.5114172299999;1085.9938254300002;1899.32783001;248.29456963;927.2106820799996;623.86797327;334.84455851;9.41895346
2008-11-01;4902.924954899999;4182.293451260001;720.6315036399974;700.7574552899993;1747.1740888600018;2022.3500090999985;432.64340164999993;1020.2480822700004;1411.37770895;146.39143507000003;782.6690170100002;518.4342925200001;294.7863766700001;8.386538770000001
2008-12-01;4230.970419800001;3457.00171288;773.9687069200008;653.1618900800001;1486.9784568700002;1641.5672879400013;449.2627849099999;923.6730696099996;1171.5292148100002;138.69692708999995;533.6691690700001;466.2769107;214.20026115;8.956160449999999
2009-01-01;3714.7217961699976;2760.0656236899995;954.656172479998;708.2140612499995;1488.44140323;1090.46025159;427.6060801;618.6518954;1015.41554374;93.24857419;520.25358712;379.5459339;123.7302187;9.21987064
2009-02-01;3944.7629905999984;2663.27301001;1281.4899805899986;687.5396085200003;1559.0695233699998;1195.6753934100002;502.4784652999999;615.08737078;891.73731588;165.44992984;448.42292532;356.83120174;177.54453329;8.199733160000001
2009-03-01;4263.70691454;2888.35593094;1375.3509836000003;842.2795077900008;1558.86685517;1371.89536671;490.66518487;644.75944312;1039.6020241;89.37389495000001;524.68264326;414.66447002;164.64234926;10.63110623
2009-04-01;5052.296555149998;2776.62132511;2275.675230039999;1170.9814853499995;1826.83913005;1353.26044478;701.21549497;584.45929332;941.15323792;185.52724402;484.23721803;400.20734681;166.43190163;14.605083379999998
2009-05-01;5203.363115449999;2660.0054315000007;2543.3576839499983;1047.25211587;1991.17199754;1568.2524548499998;596.6865471899999;537.90104452;844.09176181;207.72959774;513.98869643;357.58200930000004;187.42099911000005;11.29132259
2009-06-01;5211.30189334;3618.92757191;1592.3743214300002;810.9687669299996;2153.83726771;1646.44847257;600.0473861299998;953.15967897;993.27424129;431.32129465;606.76237733;391.51988662;229.14168474;13.74840831
2009-07-01;4924.716174380002;3588.91326078;1335.8029136000014;804.4282442800001;1997.27515884;1626.0025613900002;497.01020987;732.7111788999999;1071.67345431;453.15656403;682.08364095;436.66572328;201.29499965;11.32769966
2009-08-01;4351.908532070003;3255.18471978;1096.7238122900037;832.28266755;1639.31424496;1523.61109062;356.7005289400001;665.76268973;985.93698715;377.5383622;619.83127984;382.58511544;213.67431569;9.85596973
2009-09-01;4530.722964509997;3665.91725513;864.8057093799971;553.9898734100001;1774.21670707;1744.94172864;457.5746553899998;865.0010350800001;1190.09902747;189.86353183;722.5623084299999;472.90469611;214.74211145;10.74454476
2009-10-01;4807.72672213;3656.23696445;1151.4897576800004;497.7394748699999;1787.65807895;1831.05408393;691.27508438;842.51705008;1210.57488097;172.50411112;711.7066926599999;463.18558731;245.49896065;10.24968166
2009-11-01;4872.384002690004;3651.18536619;1221.1986365000048;545.1996396500002;1781.99753802;1976.12585872;569.0609663;860.23780298;1216.81965764;105.13245114;709.00460177;487.39184407;263.22528378;9.37372481
2009-12-01;4794.484975099998;3601.58288106;1192.9020940399987;756.1024881000003;1666.13408097;1805.96442393;566.2839820999999;818.3884833200001;1160.42060054;155.34582744;686.04318656;444.72168925;324.89535945999995;11.76773449
2010-01-01;4408.1579867;3209.1928459700007;1198.9651407299991;799.5082103499997;1456.88710128;1554.01762482;597.74505025;663.5447142999999;1091.10812448;144.37967006;601.89409501;444.1371449;250.12377699;14.00532023
2010-02-01;3958.948565239999;3455.0710790100006;503.8774862299984;544.7270904199999;1363.44690455;1481.63965546;569.1349148099999;804.51015018;1129.01700613;146.92634044;617.4764598099999;425.15399682;321.91409566000004;10.073029969999997
2010-03-01;4687.49526522;4402.85408075;284.64118446999964;920.2400537100008;1206.49822176;1930.51612196;630.2408677899998;1000.17765539;1422.347716;243.01275285;850.57730861;523.0080440400001;347.33596339;16.394640470000002
2010-04-01;6208.021781589999;4101.00544529;2107.0163362999983;1781.8859912000005;1935.12814299;1945.87695037;545.1306970299999;831.1488897300001;1340.80384119;268.35527235;869.63502071;476.53622882;299.98967243;14.536520060000004
2010-05-01;6502.822667649999;4575.37831366;1927.4443539899996;2042.03174628;2032.42178852;1878.96380367;549.4053291800001;835.9105199500001;1362.65325377;587.3449736499999;959.50667415;481.1698015;337.16456335000004;11.62852729
2010-06-01;6369.262842410002;5151.02501749;1218.237824920002;1901.6336677000004;2022.86325187;2026.28251304;418.4834098;981.81134369;1497.61019669;813.91476425;956.17152446;516.99217016;375.08702027;9.43799797
2010-07-01;5983.804099649999;5290.504700019999;693.2993996300002;1489.7711319800007;2072.22732962;1989.63457531;432.17106274;922.46519528;1593.38168707;815.68825463;1013.27500599;536.60648794;398.00918261;11.078886499999998
2010-08-01;6382.989201809995;5355.477889229999;1027.5113125799962;1844.0300141999996;2149.96635442;1982.18456672;406.8082664700001;998.98565814;1688.72517155;494.90676068;1163.45316316;546.16565798;452.15106073;11.09041699
2010-09-01;6374.983826709999;5336.94397937;1038.0398473399991;1256.4180033299997;2217.15406262;2355.19504275;546.21671801;1144.41852927;1626.56936427;328.04276949;1138.09115056;652.2556131499999;437.04530332;10.521249309999998
2010-10-01;5898.59780158;4950.86517118;947.7326303999998;903.9929669299996;2291.71446329;2164.86184876;538.0285225999999;1008.05610068;1600.30992159;250.39929846;1077.1636809;588.8271976599999;415.19355;10.91542189
2010-11-01;5915.330075390001;5575.504155120001;339.8259202700001;777.8013458800004;2106.69346054;2257.4026908;773.43257817;1172.85598551;1759.63148929;309.72754161;1203.05834152;689.49571853;430.102382;10.632696660000008
2010-12-01;5484.0329354700025;5388.75539526;95.27754021000236;886.5262900399998;1816.10043851;2263.04172582;518.3644811;1373.76094956;1575.19639741;362.51934064;1008.41187771;639.93713245;417.555959;11.373738489999996
2011-01-01;5185.12354546;4889.206850579999;295.9166948800012;1039.3365167200004;1805.65731234;1866.16816755;473.96154885;947.3596164;1591.95248295;381.85364171;959.88139675;594.1245587799999;404.08841034;9.94674365
2011-02-01;5398.023315269998;4764.29308642;633.7302288499986;1080.5782031100011;1851.27001422;1862.23143315;603.9436647900001;1048.81878418;1516.38155498;377.77733367;877.1100205;530.46370637;403.97288587;9.768800850000002
2011-03-01;6098.10815367;5641.593166619999;456.51498705000176;1487.9160594399998;1997.38948475;1954.70040504;658.10220444;1113.94205157;1730.75745154;609.39549588;1091.93216496;626.11694133;452.48576708;16.96329425999999
2011-04-01;7042.8725553700015;5532.902201240001;1509.9703541300005;1739.8402952700003;2379.4740024400003;2395.44179366;528.116464;1029.68656428;1635.59366692;597.72317914;1199.48406771;616.02722196;436.69357101;17.693930220000002
2011-05-01;7932.877810639992;6489.835200090002;1443.04261054999;2238.128466489999;2881.7471461;2420.54643092;392.4557671299999;1100.98094216;1867.68885323;1069.43330598;1279.94389066;648.07011125;504.29554239;19.422554419999997
2011-06-01;7816.976004479997;6704.550250990002;1112.4257534899953;2154.4119663;2609.8479388600003;2642.8269275;409.8891718200001;1193.7501963;1817.27514733;1364.5284808499998;1289.9840289;657.13605576;364.13085014;17.745491709999996
2011-07-01;7225.604537930001;6858.54475622;367.0597817100015;1903.232498310001;2313.91809672;2496.56553488;511.88840802;1024.39893221;1906.26834494;1519.99140335;1337.17404742;645.60648915;406.38734541;18.71819374
2011-08-01;8328.461019509998;7671.06005752;657.400961989998;2241.67782489;2729.69531657;2787.96429618;569.12358187;1272.3938836900002;2155.40834042;1360.7364028099998;1565.85037942;749.0394426900001;547.35926418;20.27234431
2011-09-01;7718.197658880003;6888.513344819999;829.684314060004;2049.483965160001;2474.14413467;2637.12957219;557.43998686;1304.01236536;2138.01017078;689.90588716;1499.70991367;782.14022258;455.66812503;19.06666024
2011-10-01;7435.417991250002;6303.01564037;1132.402350880002;1591.79846482;2575.63106326;2640.42767536;627.5607878100001;1142.32697439;2001.17874026;518.8041827;1375.86310775;730.87151189;513.47085847;20.50026491000001
2011-11-01;6493.166027620004;6229.756677859999;263.40934976000426;1186.2552521999996;2169.92076265;2521.49780797;615.4922048000001;1224.0313026099998;1798.9875436;589.5348368099999;1354.76330057;719.9556759;522.48333657;20.000681799999995
2011-12-01;6306.26266184;5987.404476209999;318.85818563000066;1120.66526137;1887.12681241;2564.7645649;733.7060231599999;1261.41935798;1633.82049451;716.51732999;1087.52159511;687.96407142;581.13455395;19.027073250000004
2012-01-01;5399.283104390001;5363.752326699999;35.53077769000265;1112.9622972800007;1648.1073084478207;1991.9291276343768;646.28436957;1230.3739924493764;1661.266942143621;389.3286986000001;996.2983061244568;651.2122029678578;418.3535598963491;16.91862064833738
2012-02-01;6004.528606770001;4724.98383984;1279.544766930001;1490.584176520001;2086.7907225041367;1822.474235237196;604.6794724999999;848.8043993495868;1440.8641441528946;445.8758252100001;986.3916587499856;504.52127777615806;470.5984367420892;27.928097427138404
2012-03-01;6199.9717717700005;5146.50963753;1053.4621342400003;1505.24605635;1906.7848230346476;2238.3005712891027;549.6403221299998;835.8714070972267;1537.6945092545898;482.54225883000015;1298.238936887568;490.5642240322664;475.3779648533081;26.220337546804984
2012-04-01;6714.955812340002;4769.81297701;1945.1428353300016;1692.1786714099994;2135.499952524711;2155.826757037788;731.45044051;636.2405368133794;1381.8134974091583;866.2731554899995;1017.2131108905414;433.95402629021777;409.657869345974;24.660789869212454
2012-05-01;7080.828074680002;5987.101227640001;1093.7268470400013;1891.84198681;2654.9562813740517;1965.3957939771865;568.6340112599999;746.7979892605407;1725.5207299373392;1317.0054774600003;1178.209232705736;582.920398547881;407.8166392557313;28.830761757050084
2012-06-01;6822.1708296900015;6033.504570100001;788.6662595900007;1788.9145602500018;2361.4386416132284;2197.2516781148674;474.56593443;850.1400179761918;1651.6370089067016;1421.8385535799985;1077.0053008211269;523.2586893040731;482.5907330419861;27.03426708102278
2012-07-01;7655.114773429998;6344.877497660001;1310.2372757699975;2259.82165714;2508.770099944977;2419.15026747489;467.37274351;938.1119923424548;1813.6478227174644;1265.623240040001;1253.878869075653;641.7759929478946;404.6915257126083;27.148063086415696
2012-08-01;7451.102899949998;6276.43274486;1174.670155089998;1952.5225470700009;2546.5340030084244;2390.1045122367145;561.94185224;1075.5573177578365;1798.669898201665;755.5353142299998;1452.9235068463556;705.1315674996645;451.5629200877148;37.05222662880454
2012-09-01;6803.127698030006;5854.62747987;948.5002181600066;1473.67926926;2357.978824787201;2378.531397565516;592.93822969;1231.6940006374052;1648.587513600503;641.3335958900003;1295.7063967384734;606.0345671280211;403.3246862199157;27.94672484798738
2012-10-01;6889.209248819999;6256.612371370001;632.5968774499979;1339.0364301699992;2315.279774961336;2619.229108930182;615.66391875;1127.4526059577554;1913.2898570785685;471.62439627000026;1510.118114356476;731.3723600197623;474.647628174628;28.107412587792727
2012-11-01;6649.426636689998;5779.47081789;869.9558187999983;1255.7150171600003;2288.4648280149368;2535.8182392370272;569.4285485100003;1144.274273146205;1752.4245274722855;499.12490806;1287.3930101278445;683.7741627892609;396.1283313985906;16.351607487584868
2012-12-01;6312.668431650003;5436.52903906;876.1393925900029;1275.53234084;1973.052383383405;2468.6671190689403;595.4166046800002;1122.7800966841742;1495.7880702533475;572.2300701500002;1042.4641379455843;624.6171439409718;563.871310211717;14.778216064856084
2013-01-01;5383.033030749999;5358.225540719999;24.807490029999823;1242.6964617399994;1674.8309686807677;1930.328101882689;535.17750222;931.1161883104844;1585.6742368017144;689.8444756799995;1099.00461256245;638.5218356564737;399.9917526617636;14.072439362879916
2013-02-01;4905.87306605;5174.7487146;-268.87564855000073;1201.2848377199998;1619.9488720633844;1747.1356878735082;337.50366848000004;830.2592217438533;1489.2831227694471;590.9208764400003;1170.4089583605207;581.1423821370887;501.3534748782397;11.380685456120192
2013-03-01;6159.95075635;5619.179678160001;540.7710781899996;1701.998502759999;1665.1612659308337;2276.8606655864182;515.9303202;839.3474179104844;1454.7588007303068;996.81911917;1285.8894227816284;608.5799313532441;408.3183626420792;25.466624927195767
2013-04-01;6895.3905926200005;6193.45819915;701.9323934700005;2172.13368255;2332.5007922457025;2070.104128054365;320.65198748;917.2572209875016;1685.5752040168136;881.2961250300001;1420.892688132892;626.9025495800838;648.5269125299519;13.007494247582596
2013-05-01;8393.245179279998;7028.08914824;1365.1560310399982;2394.73735689;2818.22461196365;2305.558040571322;874.72517445;1105.1614908779889;1793.0578931835569;1391.1209348699997;1453.269004533269;642.0494361063319;627.482861990108;15.947517304518191
2013-06-01;7483.39320457;6642.80578211;840.5874224600002;2090.220139600001;2679.573501265172;2242.444189181795;471.1553863699999;862.13744801455;1524.1880875945403;1861.7735992;1250.8570684815904;521.0704239467184;606.7647016011167;16.014461149892487
2013-07-01;6930.656703899998;6988.15531125;-57.49860735000129;1875.5828524700005;2548.031845865517;2119.98881738652;387.0531809800001;1048.389531522653;1774.1283034241849;1361.1164571699987;1449.576999326906;672.0412543818223;665.9571915268892;17.079962787596727
2013-08-01;7199.536884999999;7073.89803118;125.638853819999;1844.5341426300004;2786.0654931860427;2179.2071144056413;389.7301356;1026.0313421064873;1669.4098240852788;1507.1342428499993;1463.3682651677575;631.0908897315306;757.294853088445;19.56861501051074
2013-09-01;6544.807370479997;6028.93204507;515.8753254099975;1296.6631216700002;2644.8565002069013;2162.113961248351;441.17380196;1040.7950880920534;1696.1736857734986;607.9005803800009;1407.4856392236034;645.7286298164654;598.6083978097882;32.24002667377803
2013-10-01;6026.976189030004;6830.95882253;-803.9826334999962;883.5819221499997;2236.472189435349;2434.205610640934;472.71645913;1109.9276655264782;1795.5897441063962;944.8908763300004;1638.7189283853056;706.4199494060476;613.4565406478935;21.95513588506108
2013-11-01;5089.56340598;6091.6460739700005;-1002.08266799;439.56847062;1976.6299163429348;2239.7874073024054;433.57761099;1089.098080165864;1609.1794510921611;830.5860801;1273.5103617643354;636.56247711019;631.1327919573519;21.576834771518087
2013-12-01;4950.554977060001;5411.70274783;-461.1477707699987;621.4861876199998;2019.8788613740444;1927.0106820667872;382.17925547;973.1253401500852;1437.209270892074;800.6588825900002;1045.5009601342067;529.9009854920944;604.3073562113559;20.999961825959623
2014-01-01;4275.0;5649.0;-1374.0;643.8703345806854;1685.029540393698;1423.195783628477;523.2050596797475;1178.6979431810532;1572.6999851263083;784.0779322558508;1070.3541889592134;626.2390654777757;405.3500918569039;18.25887747603801
2014-02-01;4648.0;5537.0;-889.0;797.991469115248;1625.8710517422714;1701.3224282387778;522.5467144525009;870.2718795141271;1482.8042697732512;1050.0554472527415;1198.9637411997537;556.1540407850856;370.2571933269493;16.15773996336376
2014-03-01;4913.0;5390.0;-477.0;902.1841280311666;1536.0656803265872;1875.5878872142196;599.1190794818738;799.2281773075132;1500.4740030384137;1124.6973317301324;1192.2343630746182;505.12188450809936;248.99983730085603;17.135710090435445
2014-04-01;6479.0;5656.0;823.0;1581.082210815946;2768.2707290572453;1740.972795414813;388.1965611872422;956.7348842729564;1577.9579948753485;1113.819152439287;1116.4784556997151;545.904790451081;326.49727586912866;17.028633109672896
2014-05-01;7179.0;5777.0;1402.0;1672.2053855828967;3000.864813027212;2076.4391879934083;429.008402062739;969.3901251820204;1614.7406140729745;1149.337183745212;1126.8463446379888;534.6233588341411;371.7406272329383;19.296538421986227
2014-06-01;7204.0;5848.0;1356.0;1743.3798167103814;2959.6096842055235;1965.36513386879;535.3518193410699;1039.8656544247838;1514.422958144702;1374.6864458123591;1054.4345023798294;519.2953262207976;333.24243580177404;20.596491362894888
2014-07-01;6417.0;6145.0;272.0;1837.5110226059464;2410.7619621254967;1900.848875744069;267.79180288171045;1097.4429611253768;1595.345240779138;1482.2937671135803;1143.2312755732155;561.4799780424194;251.85970620810963;20.62656831320507
2014-08-01;6420.0;5644.0;776.0;1719.9287069105292;2447.225603724501;1919.8112253079496;332.99000768601576;1040.2342551709737;1601.3870668672585;984.4805578385552;1143.9613328245669;561.8936584275796;299.4089805325483;20.77903015610509
2014-09-01;5685.0;5644.0;41.0;983.7897370659488;2243.7139992744087;2071.2591964490966;386.46934242147984;1073.7100611333308;1723.3162778197398;726.217084081562;1246.273774329126;620.2928468263506;239.005343599244;22.50716731119784
2014-10-01;5794.0;5494.0;300.0;1021.36891073283;2120.75062314804;2249.234531486279;402.6833755603908;1069.7664701597878;1780.1938286657132;685.6912619250121;1068.2999918724563;602.0161269188093;273.3247836334624;27.884766089415955
2014-11-01;4889.0;4651.0;238.0;680.2687726687301;1906.2755661032584;2006.464400375457;296.18018340427244;991.3707819828752;1424.3297075109426;491.3510518814594;976.2915698607184;514.0859805425724;220.687646280042;25.18607958270414
2014-12-01;4502.0;4300.0;202.0;633.9125164392722;1715.984917906895;1893.3229966585088;259.0626409764327;890.5920921446892;1377.9682235149833;453.491579104318;804.5359715154236;537.8828626429424;233.44461812358335;23.702991374379824
2015-01-01;3796.0;4363.0;-567.0;798.4061263487536;1563.668081233344;1219.558789735903;214.3505040282213;841.6079030654646;1556.614100031304;414.1578863539039;876.4332495212104;549.8865338540564;135.16000255756072;23.023031604300726
2015-02-01;3872.0;4085.0;-213.0;685.2783268308169;1545.8248549045106;1382.1121517348154;258.5011832574542;792.6649343889446;1323.8498980195438;386.7936282017153;865.4376665557004;471.30459229361;228.3682403480633;22.28767535373316
2015-03-01;4381.0;5059.0;-678.0;891.3601374873203;1508.2863564329032;1747.072367763651;234.741403944368;1027.633761252599;1531.4854846838505;507.8376058426381;1124.9971558755744;562.9276101135149;287.34071764908657;23.573244434309288
2015-04-01;5155.0;4933.0;222.0;1409.1021927034928;2179.474421453146;1416.351477715635;150.3434286062709;993.4037981407156;1540.825570000567;571.8432775083513;1023.8238046927938;533.6081058461663;249.8108998928218;24.55012908758298
2015-05-01;5206.0;5003.0;203.0;1640.229736091344;1813.047431347191;1516.5937085194316;235.63323832765929;993.9882356249828;1444.0184910866892;744.3165762986765;1016.9443704311652;471.8316343107815;314.4350630203257;22.36486033879069
2015-06-01;6046.0;5707.0;339.0;1765.73540910085;2403.938102560579;1668.0203822330627;208.77983168670272;1000.4664511397904;1618.23023915382;998.4571046357984;1170.1323158108494;554.8447792329232;345.99348920769955;24.00333382134541
2015-07-01;5569.0;5801.0;-232.0;1412.3692739580945;2525.3943631259426;1495.0257404537883;136.10410615806344;1021.2727401331232;1601.5269217617915;1058.8878676589193;1181.8579259015312;615.8262544010987;317.02582001872327;22.205328248809323
2015-08-01;5136.0;5605.0;-469.0;1270.443150349672;2186.607762601826;1573.814885987487;104.85840517572056;1124.0977112215087;1573.7035425369145;689.4948182318424;1227.5134826094895;625.589525615739;349.5560039542609;18.44766619172552
2015-09-01;5162.0;5487.0;-325.0;1266.137513915957;2291.043103210778;1479.8492279782186;124.97255164268049;1146.843452112302;1559.0047619282077;599.8296734652356;1230.742415941027;636.8374876222066;286.9675756450738;27.95610552335573
2015-10-01;5033.0;5058.0;-25.0;1093.1556991843652;2127.881081925755;1577.7934193438325;234.1270187893748;1095.2788260688792;1517.4705734177887;405.5476195463792;1133.1045397920077;606.3990828705245;284.7273330958556;23.962553082996397
2015-11-01;3999.0;4700.0;-701.0;616.3202506231569;1695.7360647173252;1523.483071640716;163.0894579597713;1049.2950246648395;1451.5029292623265;287.86212504435;1041.670928121472;616.2081327867002;233.0583068076519;22.496564151019967
2015-12-01;3429.0;4404.0;-975.0;452.4758288559564;1446.844793141238;1349.89423695115;180.12186262800574;947.1058326459668;1385.6461047561852;286.50848148392294;868.8330258911477;574.9588663444365;320.94067976949674;21.49336272175362
2016-01-01;3875.0;4124.0;-249.0;915.0;1830.5230156699836;977.944014480222;151.0;850.0;1282.0;294.0;843.0;532.0;307.0;15.0
2016-02-01;4143.0;4097.0;46.0;1104.0;1730.000880910403;1174.1834907168186;135.0;850.0;1217.0;287.0;925.0;507.0;297.0;14.0
2016-03-01;4426.0;4556.0;-130.0;1294.0;1753.9664256133008;1237.5791445947043;141.0;858.0;1368.0;268.0;1098.0;622.0;327.0;15.0
2016-04-01;4743.0;4423.0;320.0;1343.0;1835.0628511270584;1378.867351057723;186.0;884.0;1312.0;255.0;1006.0;569.0;379.0;18.0
2016-05-01;5377.0;4874.0;503.0;1670.0;2216.2101735461656;1349.3510591983843;142.0;1063.0;1429.0;426.0;946.0;604.0;389.0;18.0
2016-06-01;5307.0;5048.0;259.0;1617.0;2066.2974197282874;1452.944857186083;171.0;1035.0;1316.0;764.0;876.0;612.0;429.0;16.0
2016-07-01;4991.0;4713.0;278.0;1552.0;2016.4684018656012;1321.5235836312495;101.0;908.0;1224.0;809.0;843.0;599.0;312.0;19.0
2016-08-01;5770.0;5175.0;595.0;1920.0;2139.1595345281075;1589.0497629668032;122.0;1143.0;1309.0;546.0;1038.0;698.0;419.0;22.0
2016-09-01;5042.0;4800.0;242.0;1291.0;1916.130375330384;1661.3262824885337;173.0;1095.0;1302.0;450.0;879.0;701.0;354.0;19.0
2016-10-01;4729.0;4783.0;-54.0;1104.0;1880.0;1520.0;224.0;1176.0;1253.0;316.0;1088.0;648.0;285.0;17.0
2016-11-01;4848.0;4723.0;125.0;891.3507992192812;2075.6475078588314;1642.9442616920949;237.71149650061085;1073.0;1277.0;282.0;967.0;678.0;428.0;18.25039721392257
2016-12-01;4628.0;4595.0;33.0;989.0;1890.0;1499.0;251.0;1188.0;1193.0;217.0;800.0;631.0;543.0;23.0
2017-01-01;4291.0;4344.0;-53.0;1073.0;1829.0;1154.0;235.0;963.0;1193.0;261.0;929.0;639.0;336.0;23.0
2017-02-01;3899.0;4117.0;-218.0;945.0;1579.0;1181.0;194.0;976.0;1112.0;264.0;737.0;558.0;451.0;20.0
2017-03-01;4564.0;5475.0;-911.0;1063.0;1943.0;1370.0;189.0;1164.0;1583.0;331.0;1054.0;771.0;547.0;24.0
2017-04-01;4867.0;4973.0;-106.0;1342.0;1917.0;1460.0;148.0;1109.0;1358.0;387.0;955.0;639.0;503.0;22.0
2017-05-01;5493.0;6064.0;-571.0;1576.0;2021.0;1727.0;170.0;1303.0;1554.0;739.0;1161.0;687.0;594.0;26.0
2017-06-01;5152.0;5898.0;-746.0;1539.0;1882.0;1627.0;104.0;1140.0;1554.0;786.0;1159.0;694.0;539.0;26.0
2017-07-01;5298.0;6043.0;-745.0;1401.0;2095.0;1683.0;118.0;1406.0;1527.0;673.0;1138.0;718.0;549.0;31.0
2017-08-01;5265.0;6317.0;-1052.0;1369.0;2075.0;1626.0;195.0;1474.0;1676.0;529.0;1169.0;865.0;577.0;26.0
2017-09-01;5268.0;5966.0;-698.0;1384.0;1968.0;1721.0;194.0;1411.0;1576.0;437.0;1139.0;876.0;502.0;24.0
2017-10-01;5280.0;6207.0;-927.0;1151.0;1942.0;1889.0;297.0;1403.0;1675.0;457.0;1248.0;894.0;504.0;26.0
2017-11-01;4668.0;6162.0;-1494.0;892.0;1741.0;1712.0;323.0;1367.0;1604.0;419.0;1310.0;861.0;575.0;26.0
2017-12-01;4577.0;5364.0;-787.0;1080.0;1570.0;1618.0;310.0;1190.0;1423.0;439.0;919.0;750.0;619.0;24.0
2018-01-01;4810.0;5743.0;-933.0;1202.0;1671.0;1521.0;417.0;1248.0;1583.0;484.0;1084.0;823.0;499.0;23.0
2018-02-01;4304.0;5196.0;-892.0;1070.0;1573.0;1295.0;367.0;1047.0;1507.0;345.0;1031.0;685.0;564.0;18.0
2018-03-01;5417.0;5979.0;-562.0;1369.0;1973.0;1713.0;361.0;1167.0;1811.0;452.0;1249.0;774.0;505.0;21.0
2018-04-01;5216.0;6106.0;-890.0;1189.0;1991.0;1729.0;308.0;1199.0;1738.0;462.0;1219.0;790.0;677.0;21.0
2018-05-01;5163.0;6448.0;-1285.0;1143.0;2113.0;1628.0;280.0;1231.0;1882.0;762.0;1167.0;739.0;623.0;43.0
2018-06-01;5133.0;5461.0;-328.0;1171.0;1930.0;1800.0;232.0;947.0;1620.0;740.0;1041.0;632.0;458.0;23.0
2018-07-01;5415.0;6182.0;-767.0;1106.0;2023.0;1921.0;365.0;1118.0;1842.0;930.0;1050.0;775.0;444.0;23.0
2018-08-01;5202.0;6314.0;-1112.0;1096.0;2080.0;1814.0;212.0;1109.0;1956.0;845.0;1060.0;830.0;489.0;25.0
2018-09-01;5037.0;4700.0;337.0;943.0;1994.0;1650.0;450.0;814.0;1572.0;539.0;869.0;634.0;250.0;22.0
2018-10-01;5398.0;5073.0;325.0;1108.0;2046.0;1833.0;412.0;888.0;1870.0;375.0;909.0;749.0;261.0;22.0
2018-11-01;5350.0;4363.0;987.0;1152.0;1784.0;1910.0;504.0;732.0;1643.0;327.0;783.0;558.0;275.0;45.0
2018-12-01;5336.0;3917.0;1419.0;1473.0;1766.0;1804.0;292.0;738.0;1426.0;294.0;709.0;498.0;230.0;22.0
2019-01-01;4585.0;4212.0;373.0;1336.0;1764.0;1152.0;333.0;736.0;1514.0;331.0;856.0;539.0;214.0;21.0
2019-02-01;4448.0;3998.0;450.0;1082.0;1620.0;1351.0;395.0;704.0;1358.0;284.0;843.0;488.0;302.0;20.0
2019-03-01;5137.0;3956.0;1181.0;1348.0;1797.0;1589.0;403.0;629.0;1424.0;355.0;791.0;522.0;211.0;23.0
2019-04-01;5337.0;4172.0;1165.0;1412.0;1865.0;1691.0;369.0;680.0;1441.0;427.0;885.0;512.0;205.0;22.0
2019-05-01;6044.0;4645.0;1399.0;1830.0;2203.0;1630.0;380.0;770.0;1581.0;445.0;991.0;575.0;258.0;25.0
2019-06-01;5239.0;4171.0;1068.0;1169.0;2156.0;1589.0;326.0;719.0;1465.0;500.0;803.0;477.0;184.0;22.0
2019-07-01;5856.0;4905.0;951.0;1703.0;2207.0;1577.0;370.0;834.0;1687.0;553.0;1002.0;582.0;225.0;23.0
2019-08-01;5568.0;4400.0;1168.0;1505.0;2097.0;1678.0;288.0;753.0;1524.0;462.0;896.0;552.0;188.0;24.0
2019-09-01;5746.0;4002.0;1744.0;1584.0;2081.0;1725.0;356.0;663.0;1429.0;358.0;833.0;524.0;175.0;21.0
2019-10-01;5889.0;4121.0;1768.0;1607.0;2226.0;1636.0;420.0;781.0;1462.0;212.0;940.0;581.0;123.0;23.0
2019-11-01;5893.0;3409.0;2484.0;1573.0;1976.0;1985.0;359.0;611.0;1166.0;262.0;757.0;477.0;114.0;22.0
2019-12-01;5374.0;3133.0;2241.0;1372.0;1970.0;1610.0;422.0;598.0;1082.0;258.0;526.0;483.0;164.0;23.0
2020-01-01;4579.0;3535.0;1044.0;1541.0;1646.0;1037.0;355.0;646.0;1240.0;312.0;726.0;482.0;112.0;18.0
2020-02-01;4378.0;3191.0;1187.0;1209.0;1490.0;1283.0;395.0;512.0;1214.0;251.0;621.0;441.0;135.0;17.0
2020-03-01;4383.0;3154.0;1229.0;1340.0;1491.0;1264.0;287.0;473.0;1242.0;237.0;575.0;466.0;144.0;17.0
2020-04-01;4349.0;2894.0;1455.0;1567.0;1810.0;704.0;269.0;443.0;1237.0;206.0;498.0;411.0;87.0;12.0
2020-05-01;5078.0;3166.0;1912.0;1998.0;2074.0;764.0;242.0;534.0;1332.0;181.0;509.0;528.0;62.0;20.0
2020-06-01;4786.0;3299.0;1487.0;1706.0;1974.0;859.0;247.0;526.0;1402.0;245.0;500.0;511.0;85.0;31.0
2020-07-01;4931.0;3451.0;1480.0;1538.0;2024.0;1061.0;308.0;634.0;1418.0;273.0;492.0;485.0;109.0;38.0
2020-08-01;4955.0;3508.0;1447.0;1642.0;1863.0;1239.0;210.0;580.0;1446.0;246.0;557.0;497.0;142.0;41.0
2020-09-01;4727.0;4129.0;598.0;1114.0;1988.0;1385.0;240.0;725.0;1609.0;252.0;723.0;581.0;195.0;44.0
2020-10-01;4674.0;4004.0;670.0;1055.0;2162.0;1237.0;220.0;696.0;1668.0;135.0;742.0;536.0;185.0;42.0
2020-11-01;4500.0;4115.0;385.0;755.0;2165.0;1166.0;415.0;803.0;1533.0;158.0;862.0;549.0;170.0;40.0
2020-12-01;3544.0;3908.0;-364.0;741.0;1098.0;1300.0;405.0;803.0;1424.0;144.0;787.0;528.0;187.0;35.0
2021-01-01;4912.0;3844.0;1068.0;1073.0;2448.0;1014.0;377.0;725.0;1416.0;266.0;744.0;501.0;158.0;32.0
2021-02-01;4775.0;3713.0;1062.0;1079.0;2107.0;1285.0;304.0;729.0;1409.0;173.0;744.0;449.0;173.0;35.0
2021-03-01;5720.0;5320.0;400.0;1539.0;2442.0;1452.0;287.0;854.0;2251.0;304.0;1048.0;652.0;166.0;45.0
2021-04-01;6143.0;4673.0;1470.0;1824.0;2845.0;1256.0;219.0;738.0;1945.0;286.0;948.0;554.0;158.0;44.0
2021-05-01;6813.0;5141.0;1672.0;1961.0;2830.0;1656.0;365.0;745.0;2114.0;490.0;1017.0;588.0;137.0;51.0
2021-06-01;7010.0;5909.0;1101.0;2020.0;2759.0;1853.0;377.0;852.0;2496.0;761.0;1038.0;584.0;124.0;54.0
2021-07-01;7252.0;5715.0;1537.0;2360.0;2619.0;1888.0;384.0;765.0;2443.0;718.0;990.0;607.0;141.0;52.0
2021-08-01;8099.0;5754.0;2345.0;2766.0;2739.0;1980.0;614.0;802.0;2330.0;794.0;1047.0;590.0;136.0;56.0
2021-09-01;7570.0;5886.0;1684.0;2290.0;2867.0;1831.0;583.0;979.0;2487.0;448.0;1093.0;698.0;124.0;57.0
2021-10-01;6863.0;5247.0;1616.0;1826.0;2514.0;1932.0;590.0;869.0;2227.0;393.0;991.0;606.0;104.0;57.0
2021-11-01;6191.0;5767.0;424.0;1318.0;2440.0;1876.0;557.0;956.0;2351.0;501.0;1102.0;669.0;135.0;54.0
2021-12-01;6587.0;6216.0;371.0;1752.0;2317.0;1891.0;627.0;1168.0;2291.0;708.0;1127.0;739.0;135.0;48.0
2022-01-01;5548.0;5251.0;297.0;1882.0;1829.0;1301.0;535.0;998.0;2076.0;363.0;966.0;682.0;119.0;48.0
2022-02-01;6452.0;5634.0;818.0;1832.0;2174.0;1730.0;717.0;914.0;1956.0;901.0;1044.0;642.0;132.0;46.0
2022-03-01;7354.0;7083.0;271.0;2083.0;2681.0;1897.0;694.0;1177.0;2667.0;909.0;1261.0;850.0;164.0;56.0
2022-04-01;8337.0;6883.0;1454.0;2295.0;3269.0;2046.0;726.0;1052.0;2742.0;867.0;1280.0;703.0;183.0;57.0
2022-05-01;8254.0;7886.0;368.0;2115.0;3646.0;1930.0;562.0;1043.0;2874.0;1616.0;1392.0;725.0;171.0;63.0
2022-06-01;8433.0;8664.0;-231.0;2035.0;3452.0;2160.0;786.0;1107.0;3141.0;2070.0;1378.0;720.0;191.0;57.0
2022-07-01;7805.0;8289.0;-484.0;2431.0;2928.0;1946.0;499.0;943.0;2719.0;2361.0;1301.0;715.0;200.0;51.0
2022-08-01;7541.0;7837.0;-296.0;1988.0;2840.0;1936.0;777.0;1159.0;2974.0;1336.0;1387.0;764.0;151.0;67.0
2022-09-01;7518.0;7137.0;381.0;2072.0;2535.0;2061.0;851.0;1121.0;2597.0;934.0;1481.0;754.0;193.0;57.0
2022-10-01;7962.0;6079.0;1883.0;2339.0;2512.0;2285.0;825.0;996.0;2334.0;607.0;1231.0;676.0;202.0;33.0
2022-11-01;7122.0;5762.0;1360.0;1506.0;2810.0;2054.0;751.0;1055.0;2084.0;469.0;1306.0;661.0;162.0;25.0
2022-12-01;6119.0;5017.0;1102.0;1251.0;2379.0;1704.0;786.0;889.0;1848.0;435.0;1009.0;677.0;128.0;31.0
2023-01-01;4925.3311478;5367.98151918;-442.65037138000025;1051.38097712;1807.25081552;1452.85020683;613.84914833;874.76921132;1859.41378517;696.00532105;1172.77402972;626.50607936;105.04940066;33.4636919
2023-02-01;5239.19412748;5028.5955485;210.59857897999973;1213.90667784;1813.41549019;1470.22831904;741.64364041;721.1237288;1864.26096771;614.11176641;1072.62185624;580.35870173;142.89594841;33.2225792
2023-03-01;5734.57472591;6845.60693653;-1111.03221062;1372.82202467;1881.12752679;1788.76903752;691.85613693;982.2945;2948.8813324;564.23102299;1394.52646025;750.13950992;165.96892734;39.56518363
2023-04-01;5898.24988076;6091.24338786;-192.9935071;1012.38196674;2292.21409268;1939.19065955;654.46316179;824.15819535;2539.00761509;588.77519191;1321.73619662;648.98110891;130.83571613;37.74936385
2023-05-01;6261.8584493;7385.90273979;-1124.04429049;1327.91511079;2594.46318701;1749.16342454;590.31672696;1107.77945228;2783.50788704;1018.50299016;1473.69576434;708.76157443;251.54677938;42.10829216
2023-06-01;5414.91487865;7247.65177014;-1832.73689149;1273.88592136;2190.7164325;1444.13612857;506.17639622;930.55444876;2876.88320744;1105.50305605;1405.24769452;665.41324332;219.83254783;44.21757222
2023-07-01;6060.34283746;6760.68283102;-700.33999356;1419.64408134;2154.88626341;1877.26309536;608.54939735;960.53887314;2661.58302795;978.18949809;1393.89563456;679.45729804;42.55617094;44.4623283
2023-08-01;5910.26640846;6884.65869927;-974.3922908100004;1464.10603938;2046.78544969;1702.73734689;696.6375725;1157.9462092;2670.980893;629.44280543;1628.59317381;734.80030371;18.02210779;44.87320633
2023-09-01;5750.69492438;6525.13384264;-774.4389182599998;1427.25696113;1808.26038161;1934.0008763;581.17670534;1092.95270513;2275.93099775;517.39170301;1525.90474052;690.80533996;376.74900774;45.39934853
2023-10-01;5396.46843669;5838.87675839;-442.40832169999976;1138.64934712;1689.3780103;1774.54550009;793.89557918;962.10947458;2074.91621093;503.6280131;1361.42593669;677.6140189;215.61442447;43.56867972
2023-11-01;4923.23485774;5481.9345271;-558.6996693600004;687.66988873;1765.37005814;1756.96910349;713.22580738;851.70207704;2153.51823129;393.64917765;1312.97471158;665.80784074;61.45961891;42.82286989
2023-12-01;5273.38531162;4255.34820905;1018.0371025699995;1022.79329154;1778.08533859;1753.63933196;718.86734953;584.08750446;1785.52946139;314.59140767;902.87499472;511.25717098;118.72840851;38.27926132
2024-01-01;5412.32394984;4603.95464722;808.3693026199999;1610.85233858;1862.92879846;1220.28487966;718.25793314;773.20735159;1762.58487569;293.37350209;1020.53103534;548.21519959;186.03737437;20.00530855
2024-02-01;5550.15215922;4118.05743199;1432.09472723;1430.52759689;1954.97969166;1406.50741112;758.13745955;723.47009663;1635.94657477;187.50444309;887.29876363;466.04127258;201.63625569;16.1600256
2024-03-01;6491.94579496;4331.57077283;2160.37502213;1747.66640394;2188.90918196;1684.5366491;870.83355996;674.63948627;1861.54905067;131.6337867;963.51100729;494.11506231;189.0460365;17.07634309
2024-04-01;6511.29105414;4704.52137908;1806.76967506;1530.10420527;2377.46675921;1658.41401863;945.30607103;700.17255503;1969.24884383;241.11538087;1086.44285911;546.14598765;140.12794942;21.26780317
2024-05-01;7666.53390988;5012.11741383;2654.4164960499998;2022.07805014;2805.55227829;1925.00714702;913.89643443;737.97843344;2047.51152283;437.76380018;1061.77541711;513.9605206;190.12848387;22.9992358
2024-06-01;6567.23094027;4687.44850467;1879.7824356;1776.17796004;2539.77064224;1640.3502218;610.93211619;606.3207702;1794.1955882;771.00119049;880.339987;467.98794249;146.13290411;21.47012218
2024-07-01;7185.79165543;5727.05446816;1458.7371872699996;1690.41973498;2776.50435087;1873.9583315;844.90923808;832.89135989;2204.89696363;730.08366084;1066.23252585;649.92462692;218.34944684;24.67588419
2024-08-01;6757.78532023;4882.94094487;1874.8443753600004;1460.91361992;2390.41833632;2155.03218877;751.42117522;722.73698891;1696.50895053;498.32260173;1123.43039705;599.49363298;216.82625808;25.62211559
2024-09-01;6952.88047943;5970.95870549;981.92177394;1415.63738944;2681.85661393;2082.0516159;773.33486016;1067.28743043;2216.79596437;184.24869916;1318.88316302;794.40055603;366.38545705;22.95743543
2024-10-01;7032.24999014;6120.46379453;911.7861956099996;1163.65256373;2885.40574067;2174.16321492;809.02847082;1116.35492887;2243.07814934;198.49026061;1408.88449524;802.5793236;321.99604097;29.0805959
2024-11-01;6526.00222519;5249.07209284;1276.9301323500003;1077.49315717;2763.73524802;2025.16460605;659.60921395;931.84975221;1864.93751111;132.28543605;1248.03186652;739.53131333;303.30051593;29.13569769
2024-12-01;7049.01924352;5367.41141389;1681.6078296299993;1351.11176029;2427.99342241;2208.49747189;1061.41658893;1074.07721887;1735.52392308;181.2649774;1159.57631908;782.01226625;392.92437934;42.03232987
2025-01-01;5914.84804218;5752.75016151;162.09788067000045;1518.78433919;2071.66623619;1414.96755219;909.42991461;1186.12483631;1951.78220005;206.02629145;1318.0723392;808.48413022;234.14993504;48.11042924
2025-02-01;6139.7040571;5864.28756064;275.4164964599995;1617.36344713;2041.24912395;1609.43918972;871.6522963;1287.72915492;1855.99903188;230.0724356;1226.3730823;826.97502338;392.8297483;44.30908426
2025-03-01;6642.34697319;6018.84797559;623.4989976000006;1504.3231736;2236.2584012;1899.40535471;1002.36004368;1174.26586189;1975.00216831;235.57779007;1322.67894616;868.03268417;391.39398902;51.89653597
2025-04-01;6674.33068417;6459.95918914;214.37149503;1702.02488743;2371.59290095;1765.00211852;835.71077727;1214.10488451;2158.13144033;278.00996198;1357.50460408;970.55543401;426.73342317;54.91944106
2025-05-01;7095.18297927;6487.97000892;607.2129703500004;1992.5505279;2484.02278157;1965.31973186;653.28993794;1247.2279926;2067.88508342;301.63526335;1408.86136881;899.94626584;494.60221665;67.81181825
2025-06-01;7275.26064524;6395.91011981;879.3505254299998;1820.28126277;2542.16268484;1840.23866877;1072.57802886;1216.90835736;2140.17709354;351.13533655;1207.52226601;893.49442528;509.32223898;77.35040209
2025-07-01;7760.55566787;6853.67165011;906.8840177600003;2122.82782889;2925.77428155;1950.63582849;761.31772894;1265.03060453;2082.50035427;662.17490944;1272.85971375;959.10619452;513.64118627;98.35868733
2025-08-01;7903.01224252;6462.72070149;1440.2915410300002;2018.58701647;2829.75497577;1996.77418409;1057.89606619;1270.5080823;1970.86786517;307.01350148;1271.41580417;991.93702567;554.2935073;96.6849154
2025-09-01;8128.18217162;7191.13346186;937.0487097599998;2036.92142777;2993.20683621;2156.25426614;941.7996415;1576.68924592;2253.22133537;175.24860712;1301.58293367;1157.25493333;617.83380555;109.3026009
2025-10-01;7962.6346462;7149.97099752;812.6636486799998;1903.122192;2790.56910988;2374.99192373;893.95142059;1340.09031074;2371.86599912;200.87125679;1400.28499024;1194.08925667;544.87685456;97.8923294
2025-11-01;8132.73134848;5597.99248129;2534.73886719;2024.94729773;2765.14369959;2323.75731574;1018.88303542;1053.7309986;1788.7283297;149.35696528;1080.96847443;915.98329616;509.97785604;99.24656108
2025-12-01;7482.40736019;5555.90492346;1926.50243673;1890.03102488;2412.70569738;2098.3764144;1081.29422353;1240.2112528;1684.18208608;173.97769214;944.42476663;915.50855102;488.23166942;109.36890537
2026-01-01;7245.29604746;5056.67015725;2188.6258902100008;2088.63191996;2274.74532209;1949.99349107;931.92531434;1087.87056276;1495.27512186;149.11035237;891.07925481;855.43711073;483.70625354;94.19150118
2026-02-01;5962.28931127;5174.26188015;788.0274311200001;1749.75063598;1834.16436343;1747.32332918;631.05098268;1061.2365448;1779.33035084;145.38043761;920.57769641;801.80819109;370.24952631;95.67913309
