fecha;emae_original;emae_desest;emae_tendencia;emae_agro;emae_pesca;emae_mineria;emae_industria;emae_elect;emae_construccion;emae_comercio;emae_hoteles;emae_transporte;emae_finanzas;emae_inmuebles;emae_adm_publica;emae_educacion;emae_salud;emae_otros_svc;emae_impuestos
2004-01-01;92.62750602691052;98.33956685561381;96.00328883573849;65.99535021807492;42.54786775960567;100.7044990358751;91.45461030871807;99.91798255351931;95.9380474530423;92.06533783698931;108.41168235047203;95.50672550581247;103.8902559331949;91.41838181645646;97.26126782495695;95.62769506542772;94.19839355990248;97.00617764220874;98.3148555955895
2004-02-01;90.18617931655959;98.07071715880747;96.61050639290316;64.92659776537022;62.440770600668316;95.41418582146751;89.42485185270863;92.89344027217716;98.85338769931154;91.4647184549155;103.44825644014013;90.73641381150813;96.48146398756707;94.04697785156941;97.88228480743238;96.08424638742525;90.31346220534452;96.83613489123869;89.72999976417917
2004-03-01;101.88329804238073;97.66795207026276;97.28994203121259;110.66655949085373;174.08464601017343;100.25103841449805;101.42643285289911;103.77021006661795;103.12452920231961;109.12777978859177;101.0618421535548;97.17580912674539;98.30456801948347;99.64872482538144;97.7184588847403;96.38030439218049;98.0814880028068;96.15504322897569;99.1391189515047
2004-04-01;102.5674302511826;95.23678462121107;97.99761978415677;150.06592035600744;153.8776382756672;96.69754719789138;98.43731178277758;97.0098487517803;95.81549161968314;99.42014095632524;93.24299923099592;99.70693254611032;95.3158956976717;97.60226068857601;98.4055416204263;97.71186743483784;102.18434539466101;98.08313722746847;98.3217698965634
2004-05-01;109.87750394051662;96.9512653079633;98.73177914355166;209.38807630870556;132.35766446086802;104.10053344597175;100.35313827560788;102.47182526012439;97.99456691591435;100.53274443266969;90.9852602514906;105.55243660699769;97.00467097650875;99.8034928949714;99.20851776084743;99.13688775469664;102.76126474050066;98.05434869746522;103.82546299883985
2004-06-01;105.66240620209851;98.68355600135057;99.489770333174;144.66131892695208;158.95985830761643;100.67785279683703;100.66693075399978;101.91111618061552;99.15678357520751;104.34201574712796;90.55608355379577;101.67564570697552;97.31215316503452;101.71298297929216;100.44540491248367;102.20950891488643;104.26445708823915;99.76658305409597;105.96429118242318
2004-07-01;101.1069972900212;100.84110321649851;100.27251583020008;94.8624643575419;77.4033392711031;100.8017412567892;102.50853353708393;105.41653944029727;98.90599790877408;100.8272219979002;99.05111939030186;99.83019995361455;99.01951232124716;100.85959206909504;100.16518520906278;100.500092269058;101.8439723826757;108.73009624594619;103.83952358315376
2004-08-01;98.35573694243757;102.17768883803144;101.07781319324387;64.86115725394072;99.29888043955242;102.27351330809226;101.01093955827332;103.97781467084899;102.03281151242167;99.55236758031816;98.17050375461078;99.2236969419032;101.1803112765918;101.57448020082933;100.67622816822595;101.3931506083962;104.49315763460505;100.45682005864171;103.10351301414325
2004-09-01;98.08637453469638;102.35035526155679;101.89985603471526;60.749898024587466;68.15817989055986;100.58407732540546;102.56271800938768;97.65631536795324;106.81512672912761;99.96031607873131;100.05104504398903;98.89114536318195;100.80853161089038;103.00433717602115;101.52658512871714;101.80328263566352;104.6999377535065;99.92451551768158;100.83807621030441
2004-10-01;97.8356659809799;103.12367888004563;102.72983447291816;62.6692643948672;84.44641731793372;101.39272794152402;105.90568801256933;96.18752545347111;97.84211306402896;101.16295679513598;102.93943101065378;101.57252379302936;102.07930459957161;100.69115399702089;101.68980591346828;102.21213248534436;100.22067124088095;101.16163986392151;94.76383515619794
2004-11-01;100.1319466812214;103.57876766522143;103.55024988473102;78.41525035315105;70.43561462318554;96.38346903497334;104.37510684609097;95.06963333711947;101.65557420428593;102.41598293877985;106.49311079692086;104.54272103781288;102.96217070408062;103.28028127358648;102.03611720607452;102.50137288754718;99.69656165027571;100.02634228314047;100.22598795780688
2004-12-01;101.67895479099535;102.97856412343732;104.34682406345513;92.73814254994757;75.98912304306637;100.71881442067479;101.87373820988374;103.71774864547531;101.86557011588344;99.1284173925149;105.58866602307442;105.58574960630847;105.64116170815811;106.35733422720028;102.9846025635643;104.4394591645364;97.24228834660124;103.79916128921558;101.9335656892939
2005-01-01;98.473359529179;105.74978499305166;105.10659699375964;65.69547159432358;35.83964076200325;101.1973097523045;97.29836903486196;109.06421829500736;105.31704600911682;99.65136700126264;118.47379272180471;107.25697754900058;105.08495302754406;95.90729859079447;102.39479474569761;101.47356974921009;103.77331517610253;106.67906149790865;104.69782667466885
2005-02-01;96.11886613343405;106.05741040219738;105.82151630883446;69.20974870188769;88.96042743406443;93.22341074994272;94.70784582006063;99.19242475429753;109.0146911771433;99.73581884315455;112.70657486022917;102.01017056689908;102.1031368244808;98.55162758603817;102.94993710971457;102.04401598311159;99.89042502899608;105.45618284877602;94.30116442361016
2005-03-01;110.65642586719524;106.85061672417298;106.48877653432191;138.56357694528728;146.68698068088452;101.59124822950987;107.56973699280914;107.90897686046176;114.23107350056061;118.32504856008126;110.76757419396486;111.18570600217686;106.16691484159573;102.9795926349769;103.54587795955952;103.90570074703818;110.52482489343409;104.69417790170992;106.25889101891708
2005-04-01;116.54519048214907;107.96569297527847;107.11291146516106;208.89982274353596;122.48874139651107;99.12523605748072;107.55165695688387;103.21116586064156;108.78738358105183;112.52418024433308;102.6942970993951;115.2244549419971;106.6390622814397;103.97995931894646;103.45544659536006;103.64102188069391;109.49178290107928;106.03203852141105;113.87392708147912
2005-05-01;126.66194335502726;109.1003211669764;107.70160033487473;294.8643953878796;193.2542459638483;104.30551499883155;109.43598963539675;108.03870550347574;111.05513420882332;115.05014023436289;99.66979847216389;124.37399469228238;109.78718274940775;105.89731637906559;104.50985165589404;105.178237220573;111.68503007074344;107.59592595469374;119.64238777588989
2005-06-01;116.50222321492875;108.58363166907205;108.26735841065624;197.5538122916128;110.95701359643498;99.49474596279319;107.96514088593476;106.26374951934534;111.98182845028131;112.99622366243307;100.19354705742727;118.4790365159009;110.43084237136986;107.11669986859758;106.00524995174152;108.16450822979897;117.95139068568794;110.56180305535999;109.59798829536096
2005-07-01;107.58113926245956;109.13425640318215;108.82554780242928;98.41302758621259;74.54624769989273;104.12866353372219;108.63270529476243;112.6538681068171;108.84565036469876;109.8562459123376;113.50016323638403;116.43925973497925;112.5399216996601;104.60414876500121;104.98282025654203;106.39712196242621;111.83936674972071;122.563695189541;104.97673864861905
2005-08-01;105.82089279310111;109.3769100381234;109.39100568238527;63.85265894213289;56.440577866150306;102.77976777394726;109.72188949804453;111.99117586457983;113.68084342613105;111.87006517427145;114.8998000579726;115.39256067219065;110.38335025686195;107.84917603318915;105.45171341009937;106.77496098010084;115.49027680513761;112.0117270366349;107.9252874609542
2005-09-01;104.89213472672316;109.26147884185531;109.97864861333555;59.38842448280425;41.207362314270675;98.04109165134325;108.68921897515523;105.81064033364203;117.97641810333542;111.40217113512915;117.74851946197218;114.5851645326115;110.35222087228576;109.22297621853548;106.24348728225795;107.72229822977802;114.0553150126417;110.60942269487246;106.6334102373879
2005-10-01;104.46066538498441;109.9496563843069;110.59937016969174;60.6583916651754;61.357364220728016;96.29387589966232;114.31417158097794;98.78331387835249;113.89161572595339;109.47016007796479;117.43116437235497;116.54990830378311;110.89907451489059;107.44325842088347;106.86252564405481;108.08091547456986;109.39494041351215;112.49781435705285;100.04418342195542
2005-11-01;108.00375438454834;111.16806979045427;111.2626100430253;79.32336043753462;67.77852541447079;97.36115215614802;113.20834016181769;104.51266770747864;117.74808230330278;115.19793299122168;119.79388513272507;117.49112053362305;114.05774375156999;109.87130673485443;107.92399877306778;109.36643651437213;109.2192290186384;112.20742018927066;104.7114833507616
2005-12-01;110.50332389924424;113.022090066658;111.97153746651018;100.75216208646012;108.2470392351798;98.73506730684903;109.98284644975871;105.97125884140588;117.10220305068346;108.93113502508984;117.4446073456659;120.37942689708628;119.60863239605885;114.80660898994593;109.46518302806032;111.0276615892803;106.17910070713756;116.75268963453695;110.95259462646088
2006-01-01;106.53094787692405;113.83180449982665;112.72229471951971;69.22547688979272;44.49589099160279;104.02547822475316;104.86740338757892;110.89814418709109;122.05353548217937;110.07994716904778;132.76064908397097;120.53438026177834;121.1875203256617;103.11969522513758;106.06539634362797;105.61424361869565;107.20996810544455;119.76304489844568;112.99299672188172
2006-02-01;104.0901370432872;114.74988246678387;113.50850516676037;66.79993515028158;152.81713060666348;94.47667916294625;102.76879686969976;105.97879012029054;123.93132505361568;110.1388472690852;127.92916338827219;116.16327035805698;115.14633993998214;105.62499078091874;106.55129342370006;105.87649891566883;103.17925862155339;114.79023313424754;104.86422697267481
2006-03-01;118.58827645043104;114.30686884559505;114.32250125326696;126.90148536540092;238.18479937491816;106.30049057849604;118.4169295174283;107.80846500016688;128.2795620483111;130.60248978599466;126.34650265751088;125.89130837722755;118.8787343047331;110.9270741910802;106.51618329782508;106.4849151783533;110.66654976482337;115.67678077183716;115.72576921482778
2006-04-01;122.08710730131627;115.84397695788623;115.15676864708202;190.8932594512731;212.9558770853929;104.06232806848172;116.27656379656308;103.30812404244445;121.06323839661277;119.69960614902122;119.95938108961903;128.24261287306604;116.671626256104;109.55963446528317;106.16647225800222;106.48940512144154;113.79316898104793;124.47528641611886;118.8334615196345
2006-05-01;133.37101567477424;115.0996947485288;116.00723581822777;279.8455751410243;264.9244956064972;109.14778319025903;118.86464832069062;113.83030270590797;123.6345336493748;125.38776142941701;114.01018862831866;137.11278422871595;120.75039508303405;112.86654107060588;108.24069927370759;109.95545278008944;115.6197298906747;121.67593661444187;126.17728874952645
2006-06-01;124.29274775102324;116.25304585605349;116.86882264840818;188.6573650087686;183.92299961877285;106.29549964163019;117.28654556936536;116.36176738876209;123.04387860618962;124.089641585853;113.57675957836602;131.55583310362056;124.12378407457263;114.64181596647083;109.73536841020032;113.1356389861569;119.51321615711934;118.5305534920083;119.05001251380077
2006-07-01;117.04563185352679;118.14538347759601;117.73656440340712;103.80806059487988;153.0980783225789;109.34349281382126;119.78074213672392;118.15558214469775;126.59829794059057;121.81954176105575;126.24678186230716;129.90727592241652;123.79528186882386;113.9802074632504;108.97220421301697;110.93059150416103;113.40797262538358;134.38200139148455;112.85257418877023
2006-08-01;116.30360797574892;118.75377312060603;118.6106067041412;71.2544527840865;162.44218032488016;107.52376962357029;120.7443974957074;119.41583852801693;128.15126651198253;125.43097840785731;126.72357669459835;130.90287167572222;126.59749876944252;113.75738946752014;109.83618379088882;111.71014314655727;118.97511825135906;125.08217374991506;120.3181917108528
2006-09-01;114.80248033323909;119.80934905178636;119.49302154982998;66.92231897006003;102.8218873821266;107.0166313267876;119.7106543220991;109.77899163860454;131.87538002531082;123.16276868717833;126.64824506737062;130.17492225964443;125.7779115024296;114.54726918822536;111.0279642897677;113.17141916699018;116.19523950045144;119.39897417564372;118.08445056947545
2006-10-01;116.47750825324563;120.53006643146279;120.38485680709107;62.94513535066749;110.57112376295186;109.48227680702465;124.1158904033081;112.62058228146405;127.96110870257027;124.44132917177957;128.57783375686762;132.224797003083;130.1814453673093;115.52887477223533;110.56394555944924;113.35876791035464;111.84534814568269;119.82164753873919;122.25583329995277
2006-11-01;118.14078229406633;120.65318756392949;121.28903488072073;80.07303428178055;63.65408366750928;98.2296726806412;123.80692847607784;110.51193217223496;131.10738675413896;129.7340667183079;130.71584626110976;134.12269963587892;132.01831998294654;117.10426842378962;110.86948575427485;113.81305186894284;111.26478247447879;120.52661429096557;121.68577543181429
2006-12-01;119.60317208093002;123.35638232479654;122.20388632304854;97.56011519930298;82.96292841646093;104.99298455301889;119.74174704709736;119.22396083304716;128.95722387346774;118.90351803992705;131.13681697287012;135.47009941819937;136.39177855775918;120.91719968221722;112.09775240438664;115.03008219292292;109.26234821968986;123.115793259659;127.9270394608093
2007-01-01;114.70176482722367;122.08744003432824;123.12562595348086;69.90778195841668;50.88752580623242;102.20540890235199;109.93223324576509;116.55530516220442;135.751238143709;122.23919106504033;148.9069153880401;136.60659645904616;140.95887130924027;109.43889451324571;111.90410041898843;112.18968237435227;114.39913290624091;130.8773951477989;124.17779795155342
2007-02-01;112.74324828605302;124.63365903309277;124.05199762758271;69.77520594008733;72.00833004373763;94.44748923752958;109.69851867768914;110.69663982933307;138.79714457533393;120.4578971615571;145.14225991431275;130.76190881599757;134.14478871711805;111.0866843043411;112.5604037906343;112.72931905042871;109.76855765326515;128.38995881288415;119.18907128025364
2007-03-01;129.28276498944658;126.43757830429557;124.98059073509316;135.0705144673572;247.66896035037828;104.58110049693461;126.88270382498312;114.42696410977851;142.99603944525325;143.638585226195;141.37959547308338;142.63669581282272;139.42220799572493;117.47126336276246;112.68684089297119;113.43394846009436;118.64032435033585;129.10292037022904;133.17044937528382
2007-04-01;133.46308313008805;125.43196599347581;125.90877998542032;221.84990548357524;255.2824212967319;103.14936532253986;124.85819169970812;110.87351217824026;133.47483141983872;133.59184747695164;134.1722689458275;145.60313462864846;136.65726164801654;114.59945213931366;112.16894884860082;112.80428527653625;121.85408332049283;124.68581446560738;130.4219797678401
2007-05-01;147.60791074167543;127.21823106239246;126.83182911906117;329.80886068857546;253.63221809073568;106.497243696535;128.45394300314825;120.482744306566;137.02396392952184;137.27301397968213;126.8185925449874;156.85604721329895;141.05530438062058;119.71589743228877;115.21380783836315;117.164658965588;124.18883005548184;130.8014047707643;144.17869095115842
2007-06-01;136.12098630494512;128.4753991412218;127.75209149795094;219.70144711394153;180.29198879565078;102.77532057191836;123.61381633312189;118.91858938656186;135.98658581513553;136.94504750674477;124.5190470978934;150.3763541544569;143.65222867025258;121.31784010604233;116.44294170444181;119.71262377767557;128.1628786692827;131.71204264809072;135.61875857941516
2007-07-01;127.38755189795539;127.73554053071202;128.66901876542775;109.57605605554018;158.41212693114653;101.30076108488886;123.18963123418615;117.67897703960853;142.82248956396933;135.91222633375637;138.49153419471563;147.58889346079556;142.17834820947422;120.39366360494792;115.08763434724796;117.83415056824256;120.01476844025774;147.5314632715409;138.20002485973453
2007-08-01;126.59522767863001;128.75588329802298;129.57988387992594;70.40974558545918;105.2736651044694;105.42477214833659;128.42225287656314;118.00215992937572;144.03194638961224;140.2845550930463;135.97772721446717;146.79564466649921;145.02093254871346;122.0194411692235;115.32336037795187;118.03770501328611;125.22863182507929;137.9500936382099;142.52071772273376
2007-09-01;123.5104632944452;129.61434757700997;130.47875456218924;64.36351214318887;80.56721676057548;103.2431409863342;131.0845524612863;112.13813494585708;144.63339541365633;137.95223882129494;137.3639835410913;143.87713398750367;139.8808425828213;121.01716369789503;115.49902392336564;118.03152570918509;121.54790247072893;129.39773510485693;130.43783428305028
2007-10-01;128.41538266104467;131.23956174433565;131.35292062028088;66.72752242065343;67.21370237830521;104.56882813842586;138.76001032246342;111.84104765531319;142.74653235440883;145.73802454403565;141.39326340180725;149.04246046238984;143.9614485596052;123.77767541604257;115.86998683901211;118.21041033886594;118.93247019961433;127.4444976019856;141.21272198930285
2007-11-01;129.73508945617357;132.6335801777133;132.1836248745747;83.96480339792302;53.16505935178966;97.3397027701706;136.61399284174945;110.52502742808707;143.21543421406665;146.75402379018402;144.96854891712624;148.8728545325129;144.28542671203786;124.3561397274128;118.35075015218703;121.1384307743055;118.95043626880188;127.50050464629632;143.09453249700726
2007-12-01;128.89792837498598;134.1982152434965;132.9441470848941;95.88479503204245;68.61519552058442;104.53255570094025;130.82770708317463;120.25046739706984;138.39450886846663;133.34146415988798;145.04544828527528;150.373182056015;148.16452793535768;123.24750798738926;119.02682880163647;120.6705833649399;116.21404830039177;129.11811548712458;146.0335125254363
2008-01-01;126.22689251081431;135.1946997280987;133.60187011306488;66.47801641256754;34.15549663316978;101.51195521407632;121.84460251251801;125.75604821236348;147.91516654997884;137.41853265028573;156.68158356482354;152.2399948665676;153.10121522328177;118.04549995986385;113.80870976136907;112.82230663923187;122.65755937792113;135.59705210200227;153.06471700491437
2008-02-01;122.8249045091645;133.4268873717657;134.11974480918138;68.68449956340437;58.973009445759104;97.65460589841184;119.05995651145108;119.22420046446574;150.6273930608785;134.87469950281096;150.98106793772195;146.2376918309528;146.66367464589192;121.34102912444735;117.07542146710281;116.67435910124134;115.68527529924029;134.30506192738667;137.32474391622623
2008-03-01;132.33412728743554;133.38365171772634;134.4596757057829;134.99408222831698;157.05404450748907;104.3975309769033;129.66358358865563;120.24885565491358;151.29946177326383;148.09037630343897;146.14582806558045;150.31606698601718;144.80846349557507;121.38912080370055;117.22839011269328;116.98169599668276;124.81950538588549;134.57424716086393;133.63402358675833
2008-04-01;145.28049855207212;135.74807634957662;134.58745453035567;220.23861776540605;239.9133449963601;100.58560131901508;137.31360119082652;114.97870835770038;148.68452806066657;156.59720886749764;136.05824921923144;158.74103249197242;149.61237526085122;125.82177399766734;118.0264345043607;119.2546594948615;131.24947544440994;136.27306821377988;149.34152145341386
2008-05-01;154.15616391286648;134.85699972207686;134.47331347860407;321.72079167699036;276.5282460067393;90.95122591610544;137.48692679263272;118.28109800862512;149.09925671538545;153.4563222387674;131.38467916913126;165.8886876707595;151.21576755705632;127.5940226681952;119.15231349574023;120.97954556625537;133.85054703069312;139.58975169930812;152.49572268947261
2008-06-01;140.50348421669764;133.3833588720539;134.09820868467676;211.8574063579053;225.7896697735379;98.07132624113787;128.3331933139324;128.41279912589087;147.06545827938766;142.7097119445634;125.22450016487801;154.64867156371932;150.23474516528833;127.53844076174722;121.38057189351841;124.62259481972704;135.63150198400152;141.66702885979393;142.06605020382926
2008-07-01;136.63868805371584;135.27069940197333;133.46258426298834;110.97878916724049;172.39082079228044;103.67886656555925;136.75464398717628;123.69675272440155;152.13607228741924;152.20250572879812;138.95826040100698;157.1299332163339;146.8522441297427;128.8479414144638;120.76670239650949;123.58799741086185;129.9815776473133;150.49598298441296;148.20685812469162
2008-08-01;131.34092143552698;135.69374500350116;132.58690978882086;70.81371768294936;176.42805181909824;104.7690757202395;134.09633833760543;126.32092835942453;149.61282870956884;142.84046117963499;139.44352450932402;154.04952785643948;155.14314259933852;126.00455452709842;121.2643409953161;124.28775827476;133.08794294648766;143.81542258494804;147.1800277884479
2008-09-01;132.18593848988462;135.91021501566908;131.51001405259709;67.16126081328645;86.88274612830962;102.46918390941443;140.77953420754767;120.10366459599464;149.9884182956422;148.4033004985393;138.45377954194683;153.65089143614958;150.6796872952446;127.33158854294209;121.77432162341779;124.79368274368979;131.10744153644066;135.8332245929618;146.6541300347355
2008-10-01;130.39517884255912;132.51585249756576;130.2891298012031;66.49249092185;107.5985181415079;104.91980742902918;137.1768346987664;112.85634415709369;138.28099383243503;144.9394336067809;137.8561251217705;153.61916816575572;157.18485733348476;127.93237151143988;121.05672422638261;124.76942606796761;125.55961409217255;136.5405465966986;143.9567675364367
2008-11-01;125.52756329262156;130.3273698443535;128.9957556253646;80.22294439167362;62.395208308181516;102.7210027897308;126.10218323606061;118.13283785175992;136.19410912263317;133.01684674833652;136.7302807628144;148.6696283195515;149.27482333877236;126.4361362615453;121.86255956084138;125.22744295410806;126.03621923177111;131.0257576965755;134.70235500570507
2008-12-01;123.46600579407662;125.1688118906785;127.70803719007709;79.39646137759492;79.54291075834153;104.38528222102086;118.48941706194675;121.37017991905891;129.50511727638553;126.03383198501584;134.54158794451033;149.33867847886512;150.46492719398523;128.64941093413046;123.61002971248536;126.6338210965126;122.04310971428373;134.152551361281;134.19816839772722
2009-01-01;116.75841920206521;124.2894960087693;126.51143936020542;58.550110188192846;34.84538347411296;104.92021943897858;105.19122716063418;124.30867642090844;125.9926103465463;120.26611512693212;146.41676857782332;146.82269400610818;152.4208901279487;116.23293503749763;118.98874475745716;121.22617348437356;131.7532838265061;136.33251586408423;132.2135417228646
2009-02-01;114.85886148592792;126.22969241056592;125.48677450007338;62.707009732469054;53.183475480476105;97.66843706202266;103.2542688057047;113.49132226967409;126.56238303013943;117.65103787028401;140.2052778569459;142.49545482074012;145.76916422211744;117.4060909409045;120.88067630996422;121.27728797497868;123.41541761696834;134.2412795331216;129.24460917001466
2009-03-01;126.16560261026108;123.4578413034123;124.70238395315093;107.09319052230025;130.07122524485163;107.07210156729407;117.24067998885847;123.53952813018414;127.48665890435443;137.40331090760094;133.27103918880348;150.89527198341798;149.99450809687116;121.14499821460821;121.17669049917225;121.67567830181515;133.27847695214484;131.09911754164324;132.91429324292955
2009-04-01;127.9905588745035;121.77051025334575;124.20835632770361;131.0723156508964;154.14665011951348;102.09553837851706;119.35512849489496;115.48843516100733;122.06601567142745;129.50055609682792;133.0724098124462;154.7759925739387;149.2728195842145;120.43155621565059;119.10548427629368;120.83436518646391;140.98607229821016;136.44364762983793;136.97403987723632
2009-05-01;133.03567047814315;121.10577953138251;124.03208508508416;187.0135334607809;179.4206768838544;104.00745314666267;120.74205267065281;121.93546020488392;121.64189335339725;128.64429641567438;129.25188004100195;159.66237476173646;149.04959844766233;121.13458529200909;121.00532650577796;123.14612055591016;143.870562111261;137.482344826256;133.76604022255282
2009-06-01;129.31265804805898;122.54345224264345;124.18005331747231;129.43470830612264;125.08378172878932;100.34862455531118;120.0373126432513;129.85825857690347;121.74693888608135;132.88543726489834;126.9388971847407;156.7849290790577;153.874325021732;123.94397029899213;122.67577454616318;126.24964626313664;144.1333233500923;137.62644941995615;135.65390780820468
2009-07-01;127.3630583750141;124.75464341995063;124.6352647239996;89.27758843628466;96.404356123261;103.1589094948696;124.92474390139266;130.82581437115704;133.13331105707627;135.41130893810777;128.2002691644654;152.93956954262094;148.30135884257402;121.54043751599102;125.278336042841;128.08029661298846;139.58517393426476;142.763720882865;136.22453225970642
2009-08-01;124.00328620894652;126.79229532975103;125.36389230589481;64.71539160627977;148.11396904710844;93.87471046524458;125.41000634488191;120.69718959841447;132.86596287813248;132.06273242286534;129.63057670108407;151.22961475407993;150.2791759015469;122.72013277714993;125.52439519594718;128.54416190059092;142.92644076944737;142.72815315368823;131.0321337735499
2009-09-01;126.18512812472765;128.17867056990255;126.3220829200363;63.05629992187119;148.60767996724667;100.19596736919351;126.60793169522697;116.35778027763098;133.30444227223046;138.35081528446221;133.84814419413212;151.80211800452494;153.10300058183145;123.72933296755271;126.95438008970127;130.46839943523125;140.68604952812797;141.19617067852587;135.98498874065635
2009-10-01;127.07986188269525;129.20725441540708;127.4597337933885;62.25635498301687;116.24534897203027;104.92290556099518;133.75188463092303;115.25899150635306;131.41323600541008;139.5227777821374;142.4203407994947;154.80997789906422;149.42292328433794;123.4427882967837;126.32222709807613;130.1782090723927;134.16397811986775;138.52840415507438;132.92653001802876
2009-11-01;127.09219178029132;129.72978393419515;128.724890871859;76.30145203997392;80.85367500448413;98.98984936941683;130.6205579379959;114.36469368758677;131.432858653804;138.41926971038802;142.59640885998368;154.37511679165553;149.4615259785315;124.60679275800042;127.26531525836249;131.00838508647828;134.51405639805677;138.42491426062693;131.99231131432614
2009-12-01;126.28656380555832;128.0724419438385;130.0679012600813;72.47820120409887;76.17507551938573;101.89215501544244;126.19625364284484;115.64739749179114;127.36768070649131;131.5607060057738;142.05161991048917;155.65148603030374;151.3909593613064;128.82137105637622;128.59686704668215;132.21059284703296;130.05421731677268;140.8480439268904;135.5649184681248
2010-01-01;121.50567852923163;131.72000846857526;131.44338563309623;56.01882924009405;21.87595456758976;103.62414765765587;115.15503247006613;124.13139388503957;133.2283522851464;126.13969920224662;156.7428572642385;156.11257332755903;148.76434227689523;120.26391482922403;126.62219466254983;127.58770327596336;136.42043896927385;145.74326384462034;134.13865387898213
2010-02-01;119.82280209203972;133.12326411379712;132.8123968107565;64.67634872758525;57.00375926547583;98.59074683307793;111.43871348611991;114.9965650481654;135.49077511415612;125.50302522184951;150.24616908153737;150.32079993813355;143.887529375969;122.31813982526253;127.2993340501856;128.30564836969376;129.6885689033418;142.91728131525207;128.89903191579103
2010-03-01;136.89550162046118;133.97038663481044;134.1453388872243;132.6832634081552;107.62322549181862;106.71995510463516;132.32416843649239;125.04519591845312;138.56826383829548;152.8012122618467;144.9997308776204;162.3776459899956;151.16544767261405;126.80450471517118;126.9271828288827;128.85140782494273;139.74238945208876;140.34196868514655;141.03814324726193
2010-04-01;145.77413149301782;136.86531824427817;135.41877457147692;232.44862178333693;92.05783699359897;103.74503183611807;132.9804934283053;114.6980037846816;139.778886279792;145.2137393795963;141.9804504424695;169.6526772869198;149.2611229291913;126.39802618759583;126.60834015388787;129.3294592256484;147.10104211691575;141.50041119979707;150.67638648758415
2010-05-01;158.1106315304388;139.19129104593523;136.61501033567046;351.01806093956867;165.2649385680639;105.99494470609913;135.83994396315805;122.22694820710241;139.17217674141278;147.20022035443037;138.3492011210617;181.2053437908202;151.0788011314878;126.85021017304055;127.45070996060437;130.67896579274708;149.53181937441434;144.55629150207173;154.20402687374423
2010-06-01;149.86155200805445;140.5687121520445;137.72339156016406;231.311121576034;165.13656815828733;105.32556304252181;134.92883812330473;123.26200380117591;139.20843482557578;151.04527252294275;136.31663519651426;174.17171834652845;157.59376286632087;129.7763914176564;129.14915878056635;133.62992554695566;153.62913552854906;144.7400956511994;159.11375590826046
2010-07-01;139.50568662872732;139.39691378330244;138.74027385364403;108.79992793146691;182.14912505113358;107.07400192283512;137.56757569979587;130.7128861529514;143.7037751175503;150.81996195782003;151.32397911189784;168.86449802564178;146.25228086654093;128.12131340410153;127.37045962776632;131.46610702464955;147.80474806398672;161.30600865354563;153.47644774649666
2010-08-01;137.24598068715568;140.0023321808965;139.66923209107532;65.88318937117806;164.52301479785865;106.96707685593378;141.99985618390022;127.94686665417265;146.36690169053307;155.69290347402065;148.02374884518846;167.6094894349476;151.19910420493557;129.64633863622575;127.51644662766026;131.62516836365486;146.72869315197897;148.33672030804843;152.98937824397453
2010-09-01;136.69642672162283;139.3854803059022;140.52216757973454;62.2443245059734;181.35570586813398;103.22262856414935;141.63376952624927;118.09139039170947;148.74255778449458;156.7179367698437;150.4160218832137;165.70629008407113;150.78470251900805;131.04463632638726;127.88454680758868;131.75630458106957;144.55640953771248;143.76255761329543;153.25451996323227
2010-10-01;135.13884450692316;140.18863850271944;141.3127704505851;66.21698335039048;93.291968461619;103.2743020068346;145.56467592605208;118.44288100921467;138.7394762923678;155.4084419448367;154.19430476880825;166.71580673652235;149.23945491584573;129.69302083575926;128.24643185985124;131.5153454025079;139.20060843128186;142.70686728143443;142.45674615859733
2010-11-01;139.59882328372223;142.24157357222387;142.0541095430549;85.8410585247438;72.7538880588535;101.50727764107998;145.08496002549148;117.0000780760201;142.0710257281679;164.91353223170603;155.9463836820479;166.71256439926768;154.38004344166137;133.55823945737416;129.2393314316485;132.37730753906555;139.65627188356785;145.39444628929206;149.99831138948397
2010-12-01;138.47764951271685;141.97979014589987;142.75862036859164;101.3622129422064;76.78537843947882;92.28962047172725;137.34263809272372;130.33020159691736;140.02872335984605;150.6944863751161;153.34017545877103;165.72048408081633;157.78850171563482;137.15282329779293;130.69773454041191;133.86809031810617;135.51100889452727;145.54054563441164;154.90098135801824
2011-01-01;133.0769197185519;145.85114691762743;143.43866363820905;70.9288586670815;40.395532815129926;99.4272626679962;127.12640664901387;132.59669488128645;149.28810221427042;145.58576047650988;165.19937497391305;169.18512022280981;159.2471656978168;124.09557940746095;129.38688633087463;130.14564825281255;145.3963341929503;153.0636826669407;153.46195676214236
2011-02-01;129.50988684262188;143.85331929141253;144.09783356386714;71.39901731541627;71.09930001329262;93.89885905612743;124.19081752647702;120.89071853608925;151.7765128745413;141.15349324966334;154.85384233463114;161.65063690645854;155.94532324617785;125.52428819040047;129.99665126139453;131.054185411756;138.11168745577413;148.3820047509372;144.3097458450596
2011-03-01;147.00183909502377;144.86150563653064;144.73020054805332;139.7658554294179;126.00071525443755;101.56634237382296;145.23557948838265;129.8213868171367;154.68057751311565;171.38620374035983;154.0949700148401;174.30562338975662;160.17653585397284;128.88547253924304;129.807223419163;131.4787473529127;149.48640443703127;147.44970063762707;156.8567966362741
2011-04-01;151.03582303961804;144.92864694726032;145.317492143554;215.24184207380978;121.91762431309748;87.86934486044589;143.28057354257447;117.95472972076966;150.13306627770976;160.97847465130027;151.79461399485993;178.4210883228396;158.87790081577248;131.05873633099162;129.59292809270397;131.7273383802948;157.27861863288436;152.2508045132598;156.046703920324
2011-05-01;166.17834208101743;147.18632930658435;145.83245011094277;315.7625658054044;114.15721284521636;93.55246732580969;151.49660514888174;127.52697779274335;152.92877616060397;169.6156047034158;148.61006195318473;188.96939051068136;163.8461034413494;134.5075425530241;130.15822962336355;132.84018160621318;160.46409625159336;155.7823682435306;172.71298094404688
2011-06-01;156.69365851225533;146.80269087626635;146.24522758804102;211.204625625493;194.0865583448003;91.96130844449384;149.38833499975706;130.40271135061687;152.46657759070297;170.7606894984061;146.26103655718106;181.18653542771142;169.0043686490932;137.9606935624736;132.25715521343525;136.1671546285976;164.40586468831248;153.1599843359074;164.17486681761594
2011-07-01;146.37808828046835;147.15673302410278;146.5277186708618;106.38926386530116;153.69373235457732;97.5414842947367;147.86586146904972;135.54122763461052;158.44671383746564;163.91119078246354;158.88001203284244;175.85309139732436;162.79400843457003;135.07032330958418;132.7276421532296;136.0569683401136;152.49342631779342;163.1963216374999;161.13840649494367
2011-08-01;146.3985053847187;146.95911473405965;146.65751870567814;69.22022390943279;177.63676399815066;101.44356977686726;150.5571721746821;133.79460500734555;160.28789256121917;173.68301673966846;154.73039184081614;176.6343204628307;172.1756071393588;136.4061457334168;133.4108175876829;136.9696281330623;152.69666207278306;150.247470950181;166.7482626840828
2011-09-01;147.170906821271;148.26516666408642;146.62633455245543;66.00841747191264;151.42660718137176;99.13590722503088;152.97576385711918;120.01467242569362;162.60855536661666;176.84087366423898;159.17346382805763;175.7146926936078;172.49300553338887;136.73572014028755;133.88010642823355;137.49465649724797;150.34475824898806;143.61342568007464;171.3955325507059
2011-10-01;145.0500024277993;147.29114218255395;146.44226587817153;68.28615091142622;149.5310044889035;101.71533217111512;153.79986378121276;123.28808227525046;151.5930108030702;171.6320580299549;159.7529737755585;174.63023147064803;170.6511033263181;137.4586087337543;133.3206008245714;137.39857619291166;144.47982251991073;150.50646058877828;160.71208103567264
2011-11-01;146.3616451241655;147.215886221027;146.1302569391567;85.99847450227547;82.57443513855466;99.08575715957602;148.42962873972652;128.06260692336596;153.6013560581444;169.79583483777077;160.92753558549256;173.08574587718527;170.01049618737383;140.41085965664402;133.7667230569225;137.7769095267941;144.44426607365662;148.70640755003438;168.08315506591387
2011-12-01;143.36165785374328;147.84559394820943;145.72762210877377;96.55957873076804;69.33141295542802;98.9422285090334;141.08911340600991;136.5430965491063;148.13989884632397;157.19391983575193;157.90878133589834;173.19981167427548;174.22052785723247;142.11489370163216;135.51471904582243;139.46737108331297;140.3134691098024;150.0292902688473;160.22380180133123
2012-01-01;136.19408129361287;147.73334484554397;145.28396099180347;70.39899340152986;39.72061435573189;94.5561437241145;124.61342922861274;144.08934585172057;153.10460503056328;148.06071507109982;167.86683925180404;172.66479281389346;172.8960009384658;128.015283458738;133.9587974921889;134.930861135932;155.91089733934456;150.9600719113263;163.33343098790064
2012-02-01;132.3605259407412;144.71960601173623;144.8547764836911;68.38753796002734;79.54643992026959;91.82364619216004;123.60876702270392;131.6320920135013;152.7745394543522;142.06859828456044;160.03862434151935;166.11118740541957;167.48554122003534;127.89018768202622;134.7040454011006;135.87786042129648;147.8234474213143;152.57745577668652;152.09301012340885
2012-03-01;147.44101624495764;145.37391700284917;144.4927883931567;124.3609057692615;148.77202173509573;99.00597226761768;145.85052466100942;134.94136271963185;155.52464348707505;168.58441019699538;157.3692033522264;175.49859389197;176.61775757292222;133.56873800762682;135.03709425708976;136.87101308626956;160.57417684905693;147.94737900312685;156.29711920177945
2012-04-01;145.52027831854522;141.92738498873013;144.2399972611319;166.14673876440634;117.44105513952361;95.22309774948936;138.2466347572764;127.49512525015471;149.25550310306843;150.70399797872568;154.87357059606032;176.90228293437121;169.92641456652348;130.39097311422773;134.06795361068944;136.5726668432677;165.3320897328538;152.33465882120367;151.46349320320985
2012-05-01;157.40418371936033;140.2748919354692;144.1292111909769;239.34956718913222;128.07405383106985;98.72974858127141;141.96639164806922;131.40795763798542;150.0109511993003;160.46781406241374;148.63990365864615;187.46115617780433;174.75161407575507;135.3667990505704;134.75317932818956;138.02757924864412;168.05173052812594;153.5502474209129;166.9203392827188
2012-06-01;149.0331017415051;140.7810247995333;144.17650168036997;162.0206370621431;108.74789811073491;94.07845012785324;138.10691412604177;135.0423331605742;147.78202604395085;158.87011002501126;147.77239509691532;180.95230038990684;176.6390685449403;135.96357212557365;136.67642818823091;141.3341114172422;172.6562320101437;155.85036529157986;160.13955998795686
2012-07-01;146.86279961903688;144.76788121392363;144.38033793929654;101.720596071242;150.82884203278658;98.31248412070558;144.17830486534604;142.5917150053982;151.94171091095785;164.00637842071015;163.62820443242626;181.74382497082797;176.65561105798702;131.6186571919166;136.14054967863024;139.86030479269112;158.99599659035312;170.86656552781344;163.95031331400585
2012-08-01;145.69325698881013;145.04736026396318;144.72398627075347;73.19557355015176;177.71455590093157;98.25189612918408;144.3554692051564;138.21356275108337;151.1741074740849;167.15565098104835;157.29850814776273;177.4979171725897;184.82343961484395;135.79917964267375;136.19315218674924;140.37035691526137;159.4662422536192;154.99102475418383;168.90291672953455
2012-09-01;142.47153651731426;146.23170199077467;145.17784987718215;70.83068725021843;182.74665098133053;97.07238674011892;143.52223001002113;124.89932477157768;149.8166822971956;161.02366203541916;158.56908179911056;172.07588381351349;178.83274760502982;132.05057415643802;136.29804745096607;140.400281464209;156.57794555356904;149.62785454982586;164.4729173832051
2012-10-01;147.23130295530083;147.08919347364267;145.70263218417267;71.8730836768845;147.7737514595415;97.1062416863186;151.9246346784865;127.11721397616067;148.11871435498685;171.39768381040588;160.60566564160797;175.89154216506788;184.48416742512194;134.91153779225598;137.27476302115866;142.141503830668;153.03484710021246;156.11007067231603;171.1637954758548
2012-11-01;146.37343184468628;146.9514449552002;146.25822860722718;84.90920445658523;110.38974553757667;92.07596451331352;147.0926101881964;132.37061976181377;148.60583562455045;168.86187994918188;162.09531482705293;175.32986283928187;183.36029794972117;135.81751464068043;137.50098698421712;142.21987022562138;152.78098137765573;152.95969276408715;168.54688966096717
2012-12-01;143.58505809958143;149.2728223647132;146.80817917908607;81.07750038354592;68.67315681962579;95.82765898220875;141.4109061344946;138.29486929103726;142.88947845024933;156.60558312123362;159.18892336900586;173.27875448787563;189.10029459963192;139.2741071207412;138.87440786795796;143.66175092703583;147.87977725323435;150.52457369062097;167.373887532801
2013-01-01;136.51707182504433;145.88006024577658;147.32331265166908;64.01654372353445;45.051518437828456;92.30055344172963;124.30703676937105;140.3080311676578;148.74700755447816;147.5799551839631;166.2064241899149;172.086138489746;183.48864491553778;127.79542521595022;137.01683529045414;139.07298699966478;160.36178940118734;149.72142551820428;167.60589010316315
2013-02-01;132.795321964955;148.73547052847212;147.77851859890993;72.8336011389129;114.13595389502183;85.5767207844107;119.40567923338507;125.70012488031563;149.4253024763208;144.64684355448182;158.2583592130854;163.74742027170316;174.99097294690839;127.45825593113813;139.44034346106542;140.1694906263752;151.93064142791485;146.9060085550144;156.3097626567306
2013-03-01;149.40394566736484;148.75890124651124;148.152827817953;139.9196484899806;108.06570809950571;93.24479791951109;141.6337098820099;129.33447614480426;152.1494316142502;172.80932356954642;157.80481947655773;179.0386167922344;180.3979979041728;131.92656970129116;137.28870883838783;140.734216390071;165.27341208763386;145.01583206598065;163.90521028933432
2013-04-01;155.94159584157654;148.5212972764675;148.43239561902828;201.95961174708802;163.98784554516652;90.70288716991494;144.7143468868256;127.77918625313201;151.7883237070887;171.38481727898224;153.84353386334246;184.47056395961047;180.23203549918117;132.78466114596623;137.34569577759024;140.90724681043125;170.09971864705972;147.44708614991734;167.39189907664672
2013-05-01;167.9734791225302;148.39638996491027;148.61023571945347;298.0846647676212;135.5964786369354;94.56617208384336;148.70216804770692;133.385452512408;152.10601568481567;170.58286805692825;150.9362110573971;195.90061149522498;179.79658036269316;137.01036251149438;138.13925917129856;141.96891808576058;172.89122537998568;149.9335680448724;181.17905889178536
2013-06-01;156.27186443024067;149.13534648215258;148.6815420097679;198.2773133488261;222.651241618469;91.44981353127487;142.2259984040483;134.2231660324287;149.1347332217158;164.40773174552814;150.98087607135483;187.2046969494454;188.29472533855133;135.5099933514055;140.14339630389975;145.01768631031183;177.5339721145484;156.75519323717856;169.52344243716624
2013-07-01;150.73100129825897;148.12423501583032;148.64261477274673;107.06872936164058;227.79103587923782;94.43408685562544;144.3313499952253;142.6783178402671;152.848024762418;168.33612799916625;164.8282637548072;184.8173008240068;182.5615030433128;135.72395294553024;139.4802482651639;144.62762498097797;163.62394513771645;169.2002129265097;174.42116367744606
2013-08-01;148.42144953050052;150.15944222600947;148.49495927089754;69.62321492464443;182.3356005109328;94.07014721249102;149.40407658193809;141.8813558391637;153.29247940482028;168.52064641405985;159.6365756936006;183.2852818757845;187.54636071866932;135.16889820338682;140.40574846829858;144.91081106777148;164.00319347443067;155.5855504906249;176.0695428479758
2013-09-01;147.0048441881334;150.20497121432686;148.24606296116733;66.90422477980525;188.40370084045622;91.394398690019;150.76869508141803;132.1138884896492;154.21254049892846;168.5606755110567;160.52191928026423;179.19398561794662;185.36681138348698;134.80577533657544;140.41736050868388;145.60210181112748;161.29530698378875;151.5387699788111;171.36425202126102
2013-10-01;148.6939593959755;148.86710753982234;147.90477940391858;70.46848002818211;192.98718626648363;94.36121119971543;154.9208829044909;129.8678968015282;148.1197665453274;173.03279633105902;159.44170913987145;180.3279537334789;185.20012225914726;136.90409006338533;140.5921616344872;144.81343079256897;156.02657640893952;150.3911431971676;171.51280849012426
2013-11-01;145.69589762827002;148.0505772712848;147.48150012358866;84.42742837559491;136.24480726015972;90.58055698820965;148.0741601275429;127.94281413679462;146.14261691717743;164.60201369892863;159.60894948304446;179.69937251074106;179.1255153159524;137.07334171518275;141.29173986561676;145.42685810069574;156.00124583512815;152.29451779892872;163.30551902943526
2013-12-01;142.5768791271264;147.19351158457246;146.99216218178367;85.37363102902982;77.53448440084631;92.75465184041484;141.72136873597873;150.66439395736649;141.14148429724455;151.1921556194695;156.1662682817733;175.56940113449625;189.09005168095118;140.2423689915374;143.00480518884032;146.94423570577044;151.0756656849699;147.7999120908291;158.30074163093744
2014-01-01;137.96969739537636;145.47984957318076;146.45908839482368;65.0446392916646;48.977577871730624;93.14054800320154;124.4212336626914;150.39359921013954;150.31106016566758;144.5742486235413;165.5993277131196;175.08586920770733;192.57366748781752;128.0395424919344;141.90487954957877;141.9955361921587;163.5666123008387;152.72895195075063;170.4221321058853
2014-02-01;132.48630687243056;146.61922545953885;145.90741345917291;68.93624485226428;81.66239794549071;86.83486326032832;119.71693463733202;126.21041872417051;149.4195773457228;140.88046618185768;155.42401684491017;169.3849742695385;178.7424815440046;128.57732700689039;141.87968550381086;143.45822838040996;154.37805213114873;145.31900424676374;153.71270182584487
2014-03-01;144.53782808347017;145.49058837671373;145.36673011966516;131.15245128337966;162.95871517857924;95.77755920880821;135.33331828037657;131.20138381891118;150.87082932725983;156.7203561494256;149.65064628539503;177.5450962401662;176.77346741999375;129.11693967756443;142.23492963123584;143.46859829338595;167.54335747517428;147.0264375172689;156.79709352296695
2014-04-01;152.34143546147135;144.97985757086022;144.87072280929746;213.79142624821569;136.30192508226077;89.81293107494474;135.74717413307272;128.63806699219427;146.55652534218152;152.7232686907613;147.87647860611008;185.29111973471674;176.13509609333943;130.9784958769456;141.78195882884094;144.81472325781658;172.87313982989247;147.38251943000444;165.42512484619087
2014-05-01;164.20324390256107;145.33265388979422;144.4526922321171;323.8011752339501;178.23074297328347;98.17706399264667;140.41674493148898;139.17577096760363;148.22066328956524;155.54352985281784;145.30106827611766;196.4469027327474;175.95751463393233;134.0458599108031;142.67838718487832;146.3508847692977;175.43879705013325;146.52891132950347;164.3835092678724
2014-06-01;153.80352402990053;144.60801402375677;144.14104146400834;214.76749724613734;225.12553897578505;92.83794099434779;136.40998351202848;142.7748544115638;148.25887170097093;151.95325212323513;143.39129909729834;189.8984151071081;179.49676979334984;138.38450289471567;144.041990629197;148.75725083659367;180.3309294645174;146.28942850500155;159.18176500214
2014-07-01;145.42281373408593;144.01369850950064;143.9613322636569;110.42702279603485;178.25213281625395;95.0945315254412;137.35661927840937;147.39283622849214;147.02293081147056;154.3389201291545;160.55894838471878;185.10098641538403;176.4473438077133;135.40926967918145;144.0888823774733;148.30510189691336;166.20767576289407;157.32304751192686;159.95074910442492
2014-08-01;140.10530396605887;143.63189659020412;143.93225378040327;68.65546506699638;174.45471597466428;94.06236445582705;136.83446126254012;137.10758957434385;147.20545100872226;151.75616002864547;158.32586917452102;180.85648989839197;176.68497515835082;133.89880187782487;144.7039740965368;149.0032815351834;166.72753643835384;151.49398734018672;154.8610659218349
2014-09-01;141.71873319955728;143.52594533237712;144.06293262192085;67.11585816459777;195.6859703965329;93.37173765888168;139.49073399596097;129.72984563513117;149.5263026902926;158.82883782811237;158.22141043418466;179.62754099497192;178.34358402489576;135.38853348520624;144.90596178518757;149.67228264459783;163.6050743367761;148.44810578176416;157.44033715018693
2014-10-01;143.3493974176129;143.84981500178208;144.3524173537858;69.33396734077101;215.35071923714918;96.08091359919564;144.75621316607635;138.68256980884925;142.4347976867099;161.6106082417014;164.5197609285067;182.37152522452;178.64061540394476;135.77662484365004;145.13483709900476;150.7503340864833;159.75150447322326;148.69214999854194;155.60847829747894
2014-11-01;140.8775968982631;144.8111349509346;144.7849747806636;83.92547950639224;143.7916396321845;92.73521485287749;139.4289330514719;133.88900101473905;143.01018070430143;154.51078433169934;163.98949702406105;180.47836662750626;169.83905718030462;135.23790426585657;145.86877933402303;150.82819579626218;159.61457064918244;148.75350585659223;149.69603545318813
2014-12-01;140.4359377491282;144.90913999294207;145.33410301056588;88.52394623881575;76.39106625357044;94.77313741412655;133.8623263347227;142.45561803342665;139.96445200159403;147.5968485241539;162.91976514550842;179.91374352790407;176.14249373829176;139.3297549336797;147.22098653016923;150.8545533552837;153.6182368574931;147.50163795481433;154.16847652376657
2015-01-01;133.99818907035032;144.24478751486166;145.96425942993275;61.32173727655375;49.07539001468238;95.14667013328177;118.27273777332528;149.1242300147209;146.68971163831233;133.04972550076468;171.67831186906454;178.84368584975817;176.13005139985216;128.3776366616169;146.20580113727934;146.5469966767402;167.4512825270009;150.79204764531661;161.60951574176883
2015-02-01;132.627886955774;148.08725728450742;146.63095803656546;70.34749867889387;82.34020061506313;88.28846995329278;116.83816966740386;137.0995265821499;147.78298903949207;142.45276811240632;160.53795586117994;173.50927876560803;172.3630902742235;129.1915204681836;146.36716701082526;146.30850315312762;158.48933628084941;148.71964015687348;149.90580003528984
2015-03-01;149.4090129833281;147.6055914205339;147.28659229140348;144.4282120789188;141.82099740785813;97.37515756281856;134.92721628822846;151.53932559178583;151.92015645441361;170.02513399061348;150.91734267893716;182.99954733043992;176.96224079526087;133.17429117174467;147.8761888300874;147.2694277455143;172.15742503231323;141.3115758096983;160.8742447148654
2015-04-01;157.4845995373143;149.56613378041456;147.8866288381497;240.9170855912434;146.55911348194078;93.84315771147223;137.38139403071713;132.04750244590613;151.98458871074286;153.79013442908695;147.63870476624524;190.61183143952744;176.30672319507744;135.51871068313451;146.9824504141404;150.0892270836068;177.44219703148113;150.77404327709482;169.27475399444495
2015-05-01;168.88610058983411;149.8329017561985;148.3866732675543;365.6589729801224;182.7503177317828;100.67852244562148;139.3610616058484;143.7823138965038;153.40956486221052;156.77042652069053;144.46635239707345;198.27996882039594;172.79118003419435;136.51662803784336;147.44945630433716;152.0676315183799;180.63345314070568;144.1084255808941;165.6920726504602
2015-06-01;162.93739000912225;150.65950805740306;148.7498997910791;244.31854019365554;171.30788525655015;94.46007970003382;143.4716382331051;145.09811994614012;155.64653921733512;171.1046007490484;145.33010835647062;195.40465358487776;184.8796053174565;139.23139872557698;149.41820928366286;154.23239413316276;186.13448499845953;151.50737795754716;169.23299886032436
2015-07-01;151.8447963430633;150.53913055728512;148.95193399987053;115.60813567499137;195.73491725916372;98.48088509589572;141.88340229037442;150.96215043833996;158.10424022504318;162.76093146236545;163.4317047617112;193.05419290767603;182.82423967840717;141.34130116451334;149.864134089106;153.67298898609857;171.17108115808287;170.5901956465304;167.94289608223286
2015-08-01;146.46506720486232;150.3452244865707;148.98429320660753;68.81774814861737;213.41731686944408;96.67541856773538;143.6516420601646;146.6168108201399;156.4471757088346;164.54508093663677;159.29243595630305;189.46947568498985;182.61053623922956;135.64398545636806;150.7937076625642;155.16610099807772;171.84141610289424;152.014026563942;163.08316545454954
2015-09-01;145.88232371860067;149.00537286316734;148.8482526539489;64.55008886087165;209.0455478316136;94.30158665395021;140.46466311267113;139.84062844810563;157.3100113404117;163.30995403816655;159.69378848302688;188.92930757809458;181.79408777821735;137.68988142603467;150.36437397734107;155.7524032485334;169.07423875772105;143.96082817374264;168.7876585471024
2015-10-01;147.04587615341626;149.30047251926737;148.5576859465762;69.96091539722863;211.30575474319642;96.17985156615553;145.63068413566188;141.22231798828426;150.13552654726055;165.73757212943204;166.5567156621752;188.30949271004584;185.03426213631994;137.88814820295343;151.13445097269397;156.10138054728577;164.45162708717461;148.00782059269957;164.41617739408105
2015-11-01;146.175581385648;148.58070770808996;148.13931959896905;86.56550086788613;168.75426504702273;92.5642196247663;141.44752232550132;133.47495532195197;147.6178508325756;166.60493276222985;166.9606018536268;185.17533638974763;183.62189933595513;138.0781014955367;151.95932252697258;156.63412783452375;164.56945414306088;146.29185875601542;159.04446587539255
2015-12-01;141.9421187346255;146.93185531464187;147.62715138394017;89.8906306448192;90.78421806401073;93.20289383006877;132.88155982543205;149.73801504426675;138.77760756949655;145.74957774804892;165.21035011005807;183.59592549463756;187.59343726669516;140.55859434912793;152.82938128655536;156.69899602384564;158.2070616561802;146.61441887270195;157.2242827841805
2016-01-01;134.74645041349706;147.90289172962787;147.06041914463302;64.61710337803528;60.06860735222447;90.90367843706014;113.98246730208683;154.0091285776928;141.6615424696912;130.55948710029548;169.91864619067428;189.17877245755128;179.47111653293;129.42127847335826;152.2478346787344;151.7806330328617;172.13267487168926;144.6972553262334;165.64059062655403
2016-02-01;134.2323610386252;146.87869250897225;146.48010453906795;70.07331456865238;105.73886619225637;86.88640095301375;114.21741446409995;146.781967623455;138.96200230337485;140.3212029905714;163.66937153467853;184.0885723681753;172.67560219675144;130.5020903599818;152.31801371334052;152.3278662078243;163.53608180865575;148.17950321488743;156.87423357947583
2016-03-01;150.0878942366954;145.96567107119392;145.92974952061303;136.66838555107066;128.1504813746354;92.73850359026105;130.5127723596349;140.48972619090256;140.6386999057175;171.95452933692735;156.36326133262085;193.8894820876634;177.2811455224187;134.34020062691218;151.76832463056138;153.9087804479075;177.17081806113774;153.01789800152775;167.5815158839872
2016-04-01;153.25067436662908;144.71513795719116;145.4474203087604;222.24407033005363;90.44861990189602;90.40262106257143;129.69255854445325;138.49726417802725;126.02675511387855;152.6198995573876;152.19811491830492;193.53070517114008;172.46924643273286;134.7139549863598;152.19751641603872;153.89804337880838;182.03205085090949;146.4935016674773;165.83614270981911
2016-05-01;163.51360808690507;144.57674809588957;145.06163776867783;329.7453391547637;117.25828169937154;92.8201076613488;132.09436471917738;150.85736379032596;134.22490612820536;153.96296235816064;147.6217225051203;204.46937784791973;169.10639445061472;136.4282100607803;152.5895932765113;155.13057788682173;185.60959475657512;149.6957036092051;161.66768773517504
2016-06-01;153.66209524099784;144.37905393460173;144.79388930864746;222.36057357274763;213.88094880389392;88.15854137675132;125.65678605027952;148.4033222853869;128.5682030080045;155.93745090811026;148.01295810576914;197.77917231031324;170.47757907817606;138.69535977604733;153.54514558078463;157.1823878943485;190.66642933942867;153.827680512275;159.71648935872605
2016-07-01;143.73110098180126;144.5827882711399;144.65415992044788;113.21856087267963;238.82358464870478;91.87078342103177;127.05697617076119;154.08669800918656;128.6669828604047;148.7284156103838;164.99727135197662;194.91487117842794;169.5102239842916;135.95334276379947;153.49022891452444;157.7503381471416;175.62129849941783;167.85267695245903;155.91634282060983
2016-08-01;143.6741026486049;145.65089775486558;144.6449084480799;70.70498949513352;254.3109789265982;91.21455342113725;132.71595468858487;145.65136337429948;144.70890735532527;157.41711202761422;163.42639979099428;195.01443201659657;177.64275435669353;138.1099495499475;152.88756511164817;157.70042576005622;175.7105166164717;148.4553665203119;161.99964784714598
2016-09-01;142.00773744282046;145.01879848640064;144.76441821007117;61.92436376412122;199.67529562739975;89.94995080015794;135.53528819168034;140.53137177890028;136.9084159903118;157.25631533850802;160.81729678955628;192.08877330870004;171.42517948300028;136.2974489412333;152.85529474584231;158.1015508262044;172.67102340839523;142.73430447429877;161.37890399488316
2016-10-01;141.1368632980814;145.15354369792067;145.004235783318;70.83907185983664;224.68439524434552;89.97368143545032;134.50620999950286;135.1726567966539;127.61691509194746;154.72633794428555;169.97085307699237;192.3339678689574;173.77476774158694;136.52206270868507;153.09146514833384;159.19538699910422;168.26511373934235;147.42716354133972;154.25601273195142
2016-11-01;144.93832064073018;145.7882491420958;145.3496394533513;86.52813101060659;127.59210875802214;85.95467537478623;138.35935223235452;133.68774596120102;133.98802039489777;164.0502266811485;169.92110748068967;194.06793741197112;174.41734668342573;138.50989488670697;153.57791890744792;159.62997447447236;168.04041894448414;145.42770816207323;158.5853188888524
2016-12-01;142.59014516031914;146.95888147081035;145.78841177630977;93.78779071688967;99.73232676348015;87.79589607802507;130.23504419549147;149.41174885515971;130.57980745147267;146.69084737088093;171.11609001711702;193.27492496015662;186.22654420828619;141.80901337392066;153.873344491065;159.2214978868482;161.12805148181374;141.0547489078192;159.69995020406
2017-01-01;136.63265948316197;147.08627326950506;146.3065815191809;67.3224115195837;75.25024940267178;87.08259222651634;112.79767423117862;155.35605856307802;141.26251529425193;131.4436540973278;171.3494279462936;195.70876392175643;184.3479373142579;132.1858944622914;153.21983961448282;152.72984991614905;176.6881541595167;151.26339696710514;170.65946658828406
2017-02-01;132.15851633982263;146.81395008705243;146.88669274545626;75.17856162529114;161.93415211079707;80.65908288322362;106.79708555073152;141.39020621041064;137.55703756731316;137.68927272273226;164.04806807423054;185.70368883383952;174.22234873977982;132.00783818354506;153.253713367915;152.8102185502668;167.46305903956633;149.81753604251767;153.07531173665504
2017-03-01;152.62095855905721;147.64480930022708;147.51139127886813;142.2213133473714;149.18476720670753;88.77403954434685;130.7408598665095;145.6279531904334;150.99707431759532;170.9625296227307;158.18216890402923;199.75039795788223;186.5040507273038;137.8892140229462;153.69388788037543;154.85959660426286;181.5074606944995;153.01153967940493;168.47608697297645
2017-04-01;151.94634480448727;147.67329037105645;148.1610845183478;232.02524751721575;104.49852810770236;81.57832898017476;122.7044995649865;134.23128847186408;135.14306311513792;145.3953627345255;157.52445830757077;198.16219685097985;173.9802403021551;136.14948161710697;153.55992906940995;155.69272558033109;185.46076228332404;155.1108872734713;163.32447571394673
2017-05-01;168.38920946936767;148.67448204725812;148.80990363486927;330.0188116515395;166.24029768571341;88.95842498606198;133.95855966649935;143.55714481084107;145.79800030171162;162.93595837716921;152.29355509337245;211.9665031673345;176.4228056644468;139.87955104985738;153.8688560098239;157.3192206185635;189.0028851984238;147.46026218968325;168.4671360375534
2017-06-01;161.0356854694522;150.27199303046453;149.42763427653395;228.10946345569369;236.05978466105603;83.01667791952399;141.51558563667277;150.02209839595136;145.92873879187948;168.77888070349218;153.56337089361242;204.47714349174043;181.23451475403056;143.20219674216236;154.70498531762195;158.96484949306773;194.77256856953738;144.64522730085062;168.51784586521234
2017-07-01;150.3060501239199;150.46351778388978;149.97952638836915;111.66310475997298;249.0958391491055;87.34096470820498;134.67139265887818;151.38972137356166;146.41156507679182;158.93794185442422;172.9701819756983;201.63994138351015;181.0519271653847;141.32857652113285;154.184351847702;160.5619075873047;178.79407435009838;170.4240661294518;165.63847843063317
2017-08-01;149.255342773841;150.39057754222844;150.42776468517482;73.0872875117296;256.5759879967451;89.09401333001149;142.00931325781906;145.70446536182834;159.34963237810908;164.59469737848852;168.53489551755075;198.10327414668444;187.47163510756943;142.61599986589326;153.62050479063024;160.3867491467808;178.59931863211025;150.98685544664556;170.4671344464706
2017-09-01;146.38655965775374;151.21749422435974;150.73346509955473;64.75275615799247;279.35233955870115;86.8905966125153;138.0437427436166;136.6844348858204;151.2544109842616;158.96446308704225;165.94839894567954;195.03246292266329;183.87087680504555;141.22365657404418;153.71529188925055;160.917175433162;175.650984069227;151.67425943446744;172.8551591627844
2017-10-01;149.38594966601445;151.71275927869797;150.8656502006244;78.23306205197268;233.1466278355113;90.98438709241059;143.00063056651837;135.19938591714217;149.59534537475156;167.3964989449352;174.88839714724344;196.66674107966557;188.41988456273165;143.30765938327383;154.34281277018422;160.90970377115778;171.22299813333032;152.73807495030823;168.49218487675145
2017-11-01;151.92604285202682;152.63221481224414;150.79907205919287;89.01564215206706;125.65673661138096;87.46634440210916;145.22419444334022;130.47087794107392;153.73250944974225;178.95232504387556;177.3070685047291;196.7828235149012;188.17634137579927;144.16712838885078;154.97326476365754;161.5475782502302;171.3808239652409;148.4072606047819;171.16577461524807
2017-12-01;146.78338490922437;152.24534294207206;150.52073983983868;96.78814314978365;89.34670334606393;88.67300171808765;132.85984722356457;150.41656245527804;143.22140612013115;148.5941933649424;176.7328001552801;192.9677050150863;193.79796340250812;146.47261089997357;155.322935569003;161.57786217558566;164.18546355701702;145.03062576633127;166.39855116553127
2018-01-01;142.7409126061721;150.97750196780996;150.03524574481486;68.41058551503858;126.0062966273015;87.85987801953311;116.91612257988122;154.80273576054867;157.05481344408858;142.24539214580764;177.3312091113054;197.70617941747707;195.27434666443148;138.25988543343638;155.000125542695;156.22569019364468;180.51068233912048;158.692105787694;180.41271541391936
2018-02-01;138.8180403516573;152.1914746717487;149.36435462115523;74.74917578581827;161.9311399130128;81.76605513880965;112.84132048842773;144.2539889821906;151.26991374844823;150.99237342824637;169.5066830724903;186.50327603081317;188.19369827537972;137.5828432857369;154.60910367633375;156.51498904423008;170.62867572761832;150.65694149739718;162.98069796456872
2018-03-01;155.85731953576962;151.5287558105469;148.54649497358778;144.65148039618302;153.50795774048012;89.91284621148944;133.2775281473699;145.02590988524318;158.42384085245033;176.13427723398638;166.3910058670995;199.241474502233;192.16430365422215;142.45800579244317;154.34971843780926;158.79495698801952;185.4404352917337;146.38801312082722;176.7248132020313
2018-04-01;151.5245439839433;146.79265782593984;147.62845357197196;163.28540390718268;111.09893467139223;86.70221506442336;126.92521259893212;138.2944731428386;147.52747475546238;154.99199956277877;159.05711431700018;195.48271102645484;192.4148323449706;143.77579997393636;153.6606354162257;159.64526151580114;188.89673452825426;148.29723230022162;168.74072498052496
2018-05-01;159.56669237791655;144.563087407417;146.66554660531108;223.6842466380001;130.95942520223937;91.38780578884744;132.8971186424711;141.7818477160453;153.4172292068147;162.75819199624294;153.29865529767667;200.86209049100145;195.4612915024855;145.63616655253645;153.79909193069713;160.68353459504024;192.9833508550298;152.65380327938416;167.04690981205852
2018-06-01;151.1257632334551;143.25908288947755;145.71598087635073;149.95151842926992;197.33838666574076;87.07736275254575;130.764322442843;156.6547621607609;148.5930734595921;155.6626005563789;149.72378013333596;192.5748648665537;190.45934695399885;145.56857157127055;154.6243215201875;162.14250251109902;198.75764158251457;153.8869679577416;161.23535730067448
2018-07-01;145.96352443000447;143.579209000728;144.83291842509811;105.72292884082468;265.74333385122964;88.86153684061388;126.69519913772085;155.95630794997496;147.46881549498477;149.18166775534525;167.9522531138199;194.02594039331333;194.2468273301748;142.63268314885582;153.93322748209354;162.59416206110498;181.29587678585006;172.1810691968345;158.48581304608524
2018-08-01;146.76596003413957;146.5372308770052;144.06472199992993;74.54874503545636;292.7377887775218;87.8709948307419;135.05007757273418;149.15309211867503;159.8704649132975;155.40730042480422;165.44204368160015;191.34898576419158;200.0207816062915;142.9192124562309;153.18917310710128;162.6618166177855;180.83177194110107;153.66321999519002;166.24226414410344
2018-09-01;137.7465697186479;143.1322414333213;143.44595234523834;65.38672107481271;291.2042355390393;86.34973471047248;122.10301610478807;132.4027770258923;147.83184768067883;139.5457466259357;160.66081490880808;185.24914357522312;187.79691861903822;138.2164937484184;153.50451965707128;163.11509661954386;177.7779866543974;145.5472798806957;156.10352817135922
2018-10-01;142.8432759845675;143.59558509549367;142.99316083040782;78.62835587865521;304.67513257225954;88.61135102378434;132.12457232201723;133.40592402333138;143.65506637393452;150.08189792730315;170.70566747118352;188.98012715480544;183.94057385992028;141.77821454475088;153.94433175777752;163.41777832588284;172.81474439941405;146.22909918513145;157.71444635707087
2018-11-01;140.59240732533553;141.66615037738163;142.7078900423759;90.21847247019386;121.77853423868332;84.96184432409;125.61743186954743;131.16247183524933;138.5751864867747;150.9421643448017;171.76121811084047;185.8036651365629;175.22018005477423;140.65962200128024;154.6098803647041;163.77554341932498;172.97873742258884;140.53453580950367;154.55810597019706
2018-12-01;136.25161596905625;141.973648759504;142.57713267970016;101.88140020348726;84.64320188538568;87.9743361569746;112.98595128363004;139.27955737153832;126.29685526366366;130.73588031805235;173.11375650668802;183.89362310391346;186.17235171400895;143.02343154722197;154.65162837650627;163.41870060031732;165.6490743485842;136.75055476028646;151.7596795783343
2019-01-01;134.5362398566957;141.3977292406279;142.57245366664446;73.18576531731493;151.20329737368874;87.57969840470805;104.68365673103013;145.7274142989191;143.04784668962108;126.0838692956592;174.1136177647323;186.72563419086612;180.72897301067087;135.46439208386772;154.0069130544174;157.12760518547213;180.22748793691525;155.77626281329506;165.6003746886588
2019-02-01;132.2678886127365;143.65890168370726;142.6556943490732;77.2759838058889;165.78242593462429;81.67892569728649;103.94713143270178;138.26367176213247;147.53475064171428;134.55896335878924;164.17641236864702;179.081587415651;170.32450860453662;136.9970184054754;154.22836356193034;157.80720309720408;171.50270268431387;145.96069581707212;151.86869243308877
2019-03-01;144.96325495574902;142.25994004126758;142.78455876892951;160.53001434688164;154.7377802692036;88.53937343408204;114.97590965519208;134.77682586115088;148.0732417982313;148.50865435297695;160.53687602041313;191.4807469991102;171.23679876592522;138.1319397260399;154.18885931159429;160.27433418660866;185.69604135576427;143.29843266751175;156.17880238019313
2019-04-01;149.91622140352257;142.60578725333434;142.91282858001958;230.9943282073848;153.1433062279687;87.08293773601315;115.9205402175479;129.25098674568923;140.97351550338396;138.44365918428167;156.29459486217505;193.79682917463413;172.3519318126518;140.6795801631668;154.4040044728268;160.43088847596317;188.22823627179042;143.32743378616414;158.1198938458121
2019-05-01;164.13569907592026;144.83824997198266;142.99820287071864;341.8236001347074;92.2058205550377;92.88890660205008;124.19559094419756;138.4585933868259;149.71585574088587;147.06336216115645;153.3893833313326;205.1779543023548;165.46068072311968;142.78539303214035;155.090990775452;161.79533456795377;192.6399473203551;147.19862690334057;165.8300680948789
2019-06-01;150.8589717411311;144.03378129578405;143.0047425042356;222.81868563239235;180.82637231905926;88.5519287218875;121.49948339487435;137.80275579191326;138.21166413869122;143.7474809463243;152.47085602995517;196.71574344275098;161.6561452050448;142.38268186145936;155.8430040229532;162.68992123466077;198.35540240518495;151.1298507073872;152.08877908155404
2019-07-01;146.7770296400702;145.83568077855986;142.90491277618392;126.84834872112269;252.48144388084782;91.64798142133563;124.97872152432208;151.3804777034971;146.97197824912735;144.9240334898253;174.45205835601115;196.24650055433756;167.80249033011398;143.1073580446707;155.34152482572213;163.99845521375468;181.59044880972039;169.72023419228395;161.21255132502213
2019-08-01;141.2769346808402;144.7905932858464;142.68208431588255;78.02068368993574;290.3904620920158;91.40403717979649;125.63402242055093;142.85760162932212;155.85520443342637;142.462164880621;167.04200402634552;190.16926665678744;169.2789543126373;141.6065982495351;155.28949682336327;163.5652188697805;181.1995995931543;146.84812451965638;158.5230922527591
2019-09-01;134.8770664799364;140.5573139966502;142.3314798532246;70.80070875709316;163.407036580642;88.26736212549979;115.98558605583622;132.25951012263232;142.63127951074412;132.47229447436968;162.67783644601127;187.02830354279044;159.65746778591722;139.90912286926095;155.83681588677308;164.33650544951135;178.1549587134101;141.19439257439052;153.82150996466854
2019-10-01;141.63933661701367;143.79727407340053;141.8595608973735;80.63703911920022;220.8036295499586;90.8762992398933;129.67809693120154;136.86507478183964;135.88939084128418;147.21554778337918;172.5386185437027;188.75553168151833;167.62331986301825;141.7621148402499;156.8598855827881;163.90944722322106;173.06342224309213;137.03168240951408;159.84744922453868
2019-11-01;137.77182966933134;140.88368953714604;141.28341184211027;90.99893886515034;94.71695210953402;86.66774777628373;119.7182794912256;136.73288762821088;133.81928769622144;142.8963094329232;173.1473031061288;185.71227651077385;161.07202668398338;140.14956643922426;156.93828195469393;164.1209014419811;172.96872013390708;135.56057171728656;152.80596480784732
2019-12-01;135.76515452763488;140.12668665666166;140.6304263163494;100.71375294287093;95.73886123849537;89.10509181738581;114.1278913779461;145.08514342662795;122.014612714283;131.05067674082116;175.4177313640603;184.6041273348994;168.62707171630743;143.7164096157423;157.56950175404486;163.81817557370792;166.54536045059993;131.9573019554323;149.10402009710657
2020-01-01;133.89108608957227;140.93017714538223;139.93237577469208;84.77989963450074;101.70895859153546;88.023249167922;101.71476634222647;151.921596144624;129.90480642887766;129.37966640973158;176.6000662906318;182.9354230156884;161.53150882848374;137.1021796997787;155.78383481788862;157.6666757549171;181.05883564984788;154.05092671113587;162.13806311208842
2020-02-01;128.97363874659808;139.54976127560565;139.22448358107718;68.52543131319491;183.5505186657181;85.9284724559555;102.30740993208126;140.22429928699697;125.26751896676898;129.57229476687843;170.13846147407187;177.45650222288617;154.45575297379654;136.28604443632173;156.3120267180042;158.40506748327485;172.60279319246155;144.7366550142034;146.48193789510302
2020-03-01;128.21106074025653;125.96024771330764;138.54271042734956;138.79893196776624;80.91923839600508;85.81213291012352;98.96454962046141;146.29744581011494;97.6967900473566;126.98196596901039;102.43044729016617;163.95508843464734;171.1875554480888;129.57605381099933;154.35987509925639;158.2821477576832;169.0153111017986;116.34931897640024;137.18328966221802
2020-04-01;113.29503444580143;105.99227909223607;137.9224293526539;210.48256815936855;128.8359662652545;69.76603413419802;78.01561127096952;119.98719484892007;43.886062875566815;106.49371718865986;24.080340462162425;143.87525244207296;165.46846193071937;116.11099860685586;135.0684708060528;145.01253267982364;125.1048533687748;38.302412634378946;119.12066004283753
2020-05-01;131.02956919734902;117.20962176752099;137.39712668302374;294.48952168492127;153.34524986703735;74.91088341776079;93.10499613597679;132.75669428093983;75.02261008713305;118.08849573854756;42.75424462238294;162.27753680441458;155.63397140243734;122.7022619251305;136.45071011210442;149.29120799861775;154.7929664966048;43.599084219633916;134.3787865712941
2020-06-01;132.52196526648763;124.3449729358869;136.99165283445276;200.8947649284838;88.79621965044502;75.1754802208495;113.41104164907489;143.29376978229706;95.34061072585965;133.52314446343613;58.57498991443357;158.9851723933633;166.86491275810448;128.61072901282378;137.29754918115577;149.84682365560792;163.00889103089742;57.947508223805464;140.9648281696909
2020-07-01;127.4636894697939;126.15819490838572;136.72209103841908;117.04970703814668;86.84341037948651;78.69808657418463;114.60883217305793;158.85989528326877;114.835268830606;136.16197085662932;58.855169162131695;150.6253597718475;166.5292250407314;130.2477744093699;141.06344466814718;153.45982568224687;164.44574819718954;62.265776903257475;140.26400578057593
2020-08-01;125.18389375984641;128.84415787500245;136.59679330726365;75.82374782048988;264.27940882804273;80.99570861746433;114.39875196317637;144.5810036683974;117.71327997140502;134.4421209146634;71.33531502758338;149.949973374243;171.17913126392372;134.64433869188022;140.02553378434692;153.09200799719278;162.48295854314082;66.92927722435165;140.15488661456666
2020-09-01;127.1750760933527;130.79654793201593;136.61536603928135;73.78709736582393;237.46872488535465;77.02575241331968;119.2529194675179;133.95363039404674;116.4657875135662;141.84240321184325;63.822216166369074;152.13612349274302;167.2652912617691;135.81789891183703;140.58376310649004;155.10667349005632;166.23306556152522;69.00350989700553;143.53557510304213
2020-10-01;131.34550189452784;133.39866145682996;136.7711266360523;73.32710116645963;162.6490878916505;79.67516748562818;127.43488896230404;132.3463575442918;133.11965328772865;145.26536712896768;75.2410910895403;151.68674913955294;172.65111619952066;137.68022997357104;143.15187090659853;156.5410600049721;169.6862008245166;103.5507220390247;144.86065222903764
2020-11-01;132.0686552529966;134.87132101698435;137.05076753412618;86.96627386181261;86.64343350225866;76.55309298106032;124.64921285715297;139.37381320808277;137.3494532948153;144.48519660443674;77.98433096161834;153.16144155949812;169.18794928903904;139.68284300157543;143.30859619870597;156.78657990555885;169.72032850319374;104.87222750178984;145.35426988621566
2020-12-01;133.85436559460604;136.95759393151968;137.4379038955693;112.25612588204818;103.05339148360547;80.78370021522805;118.55057905764299;149.9753134869929;136.6075218806263;144.66511551722812;90.32413753218371;150.69677385468728;175.95488074238187;142.27006778944133;144.27703531781472;157.8722199974234;163.65352255971575;111.12735288265058;144.3207143013067
2021-01-01;131.5215373973188;139.84976777699663;137.91642405398932;86.9746061117479;126.53624092832723;79.52679249531325;106.25917619020568;151.01554674302818;145.53881472982238;134.9090941120267;111.78200904472185;158.01002188152344;165.46859869159613;138.78795654102544;146.72805779362906;152.80922756101515;178.0610338935695;130.35241318963185;158.11643501910146
2021-02-01;126.23926696836405;138.24267956970155;138.47503425796688;71.7878866833819;161.33687698543534;75.8302054370675;103.45540009199156;128.49517383267263;141.8982575359745;135.85281710502957;112.21433304619701;153.56411709588244;159.70484494432293;137.69950989623572;147.44829242053862;154.16099455437632;170.47970998747434;124.8330507804089;143.36537446948913
2021-03-01;145.95690010364706;140.89139329828407;139.10476344710142;147.80017406073992;136.1191335443744;84.12847762083021;129.5237310980323;144.92576527520643;152.5061885240319;155.54687632819665;91.89926918050448;167.71302949326997;179.5120457872638;142.57669023514813;148.92595141662704;159.41394065016746;185.34016486799152;123.11019008577797;162.9686994320016
2021-04-01;147.28084401875944;139.3115864823003;139.8027318486456;207.7091413546694;133.06229548029438;82.53756031136325;123.31672532529679;134.58537143165123;137.9850697543318;151.53322169229145;98.85791341160237;170.3216622662127;170.8303095979835;143.93229852058508;146.3039253078881;156.14508984078356;188.17575352677102;103.46998063093721;159.248518279256
2021-05-01;151.16932233874812;138.85916439674222;140.5679519645967;282.04636495372336;158.33622266686785;90.39575217016636;122.08775205075086;146.80618291896502;124.4601404457727;148.73672379941652;91.449755271961;175.36822873832867;156.55073098171624;142.1138995197184;147.3501703295633;157.02468159172642;193.13552085329655;106.0886176441237;148.37524814243287
2021-06-01;148.97961710841227;141.5241072682307;141.39767517306643;192.8670970471906;186.58714391871217;87.02193241682453;133.05255246432318;157.880613718325;135.99230747765915;155.80001791336812;92.64315511431445;174.10666839008493;163.700496286299;144.73544760929815;148.2125705600526;157.9008985271138;199.64763383679988;113.51034724263837;152.90903100833054
2021-07-01;142.42591306035797;141.3791658110889;142.29185441448868;115.64226963500748;286.60974142620495;88.70168297513791;129.64688192270165;163.91217308132772;141.52888477229388;151.57414965685584;104.50098575083587;168.78618850343528;162.43005619027073;143.81996020064312;150.71523029694472;158.77894636450526;182.2428966766558;122.38586751534089;156.44740045537534
2021-08-01;140.9749407277772;143.31590238415345;143.24949089718777;78.58741462395535;274.71223063327227;90.4971781138322;130.63503370176736;158.17023301610752;150.72616312406842;152.69337804071247;113.76549373944486;170.1474958865503;169.16181603608905;145.07236485142744;150.99928466454628;161.676705118458;182.28224992384526;118.54023155820062;158.915017036468
2021-09-01;141.29608909028403;144.17734645091775;144.263236099306;74.20091013327364;218.11969626326385;90.1226404956808;131.99133095649626;139.62006354084525;149.735617165174;154.0208454790058;120.34505004062272;170.88541607466286;165.7050198701382;146.38168912656215;152.60833140576128;163.43179660450963;179.40269792427523;115.3646885697758;163.2948425825579
2021-10-01;139.51475869967888;143.35586178313645;145.3200631070918;75.61664717062612;119.02744826803617;91.93067438894028;133.67928908098193;129.2095573149981;140.8169877298408;151.75360615594863;113.9562192359232;170.94184434219082;168.8934057337336;146.36246608107868;159.815986597185;164.3654231281929;174.0566303199121;121.32184162877893;152.57622050170363
2021-11-01;143.75187761888847;145.7135669911042;146.39501768319394;92.51854885498985;91.17462234247851;90.27128561259732;137.74105366831273;139.50962944151962;144.83112654406276;158.63355400445923;119.1845613470315;174.6717829770369;172.13811827700133;149.29578022978382;160.5072168454401;164.78528955548063;174.105944817933;121.3025923239177;154.852163118606
2021-12-01;147.22987831813373;149.72040378936583;147.4511533036428;129.4416123720216;106.38180891486648;92.47969143414902;131.04457073314543;154.85842301784933;141.64760319910076;155.10929639360745;126.55591867643898;176.31510823696098;174.98367284851696;151.17330714784907;161.23161935057934;166.44216016789224;167.41608258725594;126.10371815571484;163.61550082611456
2022-01-01;139.637961612281;148.52454567203267;148.44590874633826;102.95741321574852;111.84315261577564;93.53114018676888;105.56566239630449;164.04625809745033;146.2994211822731;139.25789939527843;167.38155944577315;171.12480280476845;170.72576978744613;144.6735364516133;161.34227260662476;160.14279020933967;183.27304966326136;136.8403258358335;170.21530692385954
2022-02-01;137.84951352507554;150.70922638827258;149.33437192086149;78.75098139087793;160.2263747211023;84.6240056131197;114.31190346263938;136.4414492308093;150.83267152978038;145.31905867760278;164.6250207273775;172.23432848344285;161.67681322391178;145.84302882644852;161.65787461328793;161.51263104819196;174.50096444910358;137.2207896474432;161.46451449547928
2022-03-01;153.9308507942531;150.34672378542243;150.07876932527918;150.42269427040077;128.9958129190849;95.19459061851373;134.51082946908807;146.0160006277402;156.33788441486553;161.9896862351318;130.7044860442786;184.85307102209495;180.24362359268554;148.87342561749497;161.47135027024876;165.2561364482656;188.49430212124142;138.935172705515;174.20367162598797
2022-04-01;157.66169217344674;152.09770494152977;150.6516886992023;202.91119744078478;211.13754333616797;95.47597844732374;129.12816730822004;138.64010864800056;151.26623273351933;161.6426749659548;111.49017355259375;189.2227540318639;175.5886651869182;151.53833254441835;160.71627483012182;164.97304871090472;191.1269045910323;121.05810875052248;180.4199915248191
2022-05-01;164.68936311408393;152.12668174406087;151.03686923587975;272.01309262796923;170.11888119145723;104.09606564983316;135.36644813388816;155.968328440601;145.6422928711779;166.16401851988093;137.14581788212192;195.6405715235095;159.3703161981868;153.24728647414742;160.92652128426153;165.95250746104833;194.5651098269116;119.47278686317927;172.0576880131796
2022-06-01;161.4548342812127;154.3029745081273;151.2301275132958;190.6076480075927;200.87452766985865;96.64952605254051;141.3961244351732;166.6415230807075;149.8587874188523;171.4227126519167;163.7471665765255;191.15997031192208;167.6201466860951;153.12018379087115;162.51767908449173;167.12104572473902;201.13025198122338;122.13159218460225;177.2661040991867
2022-07-01;152.44538743586068;152.5581973587675;151.24393962017717;108.37983720826931;275.90456112655255;99.1392266450299;137.47421249955016;159.6238001716511;151.07353004648067;162.09686936092248;133.6277426751095;185.74071112078084;166.62720872337997;152.5590962776281;162.10500877324594;167.95204738705226;184.2310306914195;135.8683336481809;178.3875782156354
2022-08-01;151.46573891606155;151.7230149909574;151.10403481382463;76.49887241371191;292.3847296260323;102.0583834684795;141.53560993284836;150.54356609646285;161.95289125120345;166.18252276704274;142.75121791098172;182.30327386186028;168.95484860830373;154.6132030531828;161.52740724699927;168.4840021395523;183.56049047038618;129.01316047754707;177.77354813812664
2022-09-01;149.17434970528168;150.78775112517866;150.84526135445358;72.54274766996889;212.27799063837284;98.94218983386318;137.27774266095517;133.9181755232668;159.98980002095558;165.58132242868083;133.01173417631952;180.45654049955465;162.68936341749156;152.55141882901947;162.29060799878837;169.35766230982802;180.82351305750942;123.6985962971364;180.97565054728992
2022-10-01;146.5543961617033;149.0857592138994;150.50645589049475;64.51382046655428;85.89095927760494;102.76662360118193;138.3119723681216;137.18813907725774;146.38832476800195;158.97714648987304;150.02974740172868;181.46600470888183;163.7771336217326;151.90729430501457;161.92808286819286;168.69910755685464;176.02362478124112;131.62928030847593;173.76792815481497
2022-11-01;148.03049492952468;148.327566132046;150.12486758078268;75.33229454023947;76.56739268125872;97.03481061842196;139.74501413046593;145.59281787212953;149.69449811353206;162.78683132133284;149.86294155693355;179.81132080266005;163.57141221299437;154.20609224211262;162.631971890375;169.29677822073538;175.31422931082145;127.21615230616472;172.81784606721894
2022-12-01;146.18080633796006;148.48524371131373;149.73336917647515;92.00101016529914;119.21712957671697;102.3561988818582;129.31124178982475;161.24217921321213;139.64468629026385;153.1130299365649;153.27962841112736;177.7183534564488;170.0735972769051;154.53934163682857;163.11139142936764;170.39460957652813;168.84630610085242;128.84333691778846;169.45731639781536
2023-01-01;143.03462349487495;149.95772966081552;149.3550397163594;81.0629765193465;183.61501774124355;105.0154078792852;113.63935094784206;166.2058356760076;154.63571367778556;146.9178246165651;180.9163871864305;177.3713434302166;166.81777036555005;149.2466986723942;164.2827033609964;164.43782749676507;184.83828659197172;144.81780754304816;170.51397286505187
2023-02-01;137.26646276476467;150.1564242412402;148.99990522247347;69.23363692806389;133.55786085880212;94.21403558891389;112.32182639174057;144.24530595478134;151.5611255517175;146.74024934183828;173.7554647117166;172.2029361496277;155.3071669981746;148.09704709043262;164.5627727433976;165.47497421922156;175.38434064243796;143.26676658385148;155.67452153761906
2023-03-01;155.06501366898644;150.7559630178034;148.66373870024944;123.41988760390514;120.36823216143422;103.86414349021189;139.01778213551626;165.0405805532426;162.78755298876786;169.40588855953135;138.63422951878675;182.86696506738355;176.18128107885175;153.0125985792604;164.2815268843597;169.77001047017473;190.61567323167037;142.13725471841846;172.91547612532648
2023-04-01;150.05952685125044;147.35748735405127;148.33221429847092;121.75128830961674;68.671005900949;102.05521615069266;130.73051151922354;132.95555362961514;151.91960901590292;163.65871560919015;110.46472444301791;182.99373229098802;168.32374060277;153.98886639333676;163.77062106648464;169.32158635350913;193.87124742862545;122.93085028702365;170.4136251836539
2023-05-01;153.81085419260503;145.5527260528016;147.98297145239175;138.55748750504233;140.92854028886813;110.99519191799392;134.75208504224818;144.0905904208616;146.9522689680797;169.74011117380232;139.3927853927501;189.0202673630392;153.9150891366395;155.38142475373627;164.40029620994562;170.39567407111338;197.53183508459753;122.61374294170521;167.56156585598205
2023-06-01;152.59547604809092;146.06326749676077;147.59607526377985;106.7964115914566;216.62068285016628;105.45923778154051;134.0229857410745;154.23736292940998;150.80489937627252;173.49492435577824;166.5743217571198;184.7580568649008;160.42637029848086;155.69511131775252;165.9096737323692;171.67069825181727;204.1901674023295;124.21372994790278;168.05383270650762
2023-07-01;150.2031254819034;148.72466380879337;147.15967189693004;93.18774567503195;332.4780948279046;107.05993274341894;133.66534940624396;158.68550125754138;150.32968528704683;160.7549265947997;144.12733569973275;184.32983231551356;164.84529836837913;152.6762889248631;165.79310538856492;171.72047850561106;187.04025309350692;138.7965081803794;171.08035111653126
2023-08-01;151.92217935804922;150.05694584045796;146.6700914424881;74.21947270045149;239.08436455907324;109.17266105569152;137.53861958604352;152.34219584346815;165.19688062735275;167.96613419364007;153.91557305748498;183.0469951844301;167.94419105300847;156.72851244190468;165.3657265584249;172.321096064978;186.81850767765195;130.15914464793104;178.042399096214
2023-09-01;148.412379639874;149.6982470057087;146.13676611930737;71.25488081838502;232.69904608581746;106.82226140094879;133.0817362197774;144.13534999171964;159.9226843603715;163.08333279432657;145.20636876597803;181.23674129777905;161.3063220536929;154.37048183183592;166.45237801669873;172.99517470798855;183.75826418088238;126.11369643325855;174.20923728123807
2023-10-01;147.51381305414859;148.01321137160105;145.5826226763221;65.22322788233157;103.90563119313863;109.13832423735515;136.52023750744823;137.2771544489655;150.3067592229;159.75763595122527;159.5778880125637;179.86446990044743;169.96696850721008;156.33586080785676;166.3792682291421;172.39133310526347;179.43726286968567;131.55122735651562;170.47009017886296
2023-11-01;146.36635232721147;146.38829854061774;145.03868020466888;78.83278478820388;57.04452369480413;105.46173361293893;132.74506100473502;142.68876243297763;149.6504532407119;158.43066098832125;160.2752013097985;179.9736941753382;159.32385182025058;155.99411650774883;166.76405172069576;172.74498440249738;178.92689394381736;127.80814518362442;165.82848274608938
2023-12-01;139.34262723777164;142.86747030290806;144.54822439405362;100.80350322606783;132.73828561874103;110.44849703625607;113.47626782326661;141.51866324817738;131.35921352917163;137.65701678506338;166.37261020543664;177.00026446500107;151.33250596798584;154.44469951770486;167.4595746034447;173.90159048908862;172.14566696754724;130.6820574123588;152.9166571902858
2024-01-01;137.37335120058367;143.5536731054936;144.15895332179335;89.31759798312302;160.04133415759222;112.66126808418974;100.69247142747804;156.76960401071955;130.47335233962954;135.85256803113012;178.0608175210592;177.57446285397867;147.90273052783093;147.87211594255564;165.35108049904875;167.16123409687575;188.09598603012185;143.57192052512477;161.74992038105026
2024-02-01;133.46450581005294;143.80881964781162;143.91670347404232;70.70108086209932;173.23591755834963;104.88424730841224;102.71494430406139;156.22470303165534;125.06857371428958;139.55205234111753;170.7654588856228;172.02948223066053;137.0916244002663;147.4623804232155;165.3968895043454;168.49857387212643;177.96576532351486;140.84038871624892;151.04570142099413
2024-03-01;142.39572385637248;142.11453041710828;143.86036158327045;137.4024381695313;122.33165379916866;110.60269501459675;111.1151899408215;152.198085383576;119.40403276208195;143.43273418537763;136.83591659902413;181.50668793635933;149.15588580655458;147.98958839430395;163.55744760426478;171.2699871446924;192.05410065788215;138.74878488465552;156.0029767119493
2024-04-01;147.25690008767782;141.05611588000892;144.01125926444928;199.87959837777458;186.50311303596138;110.95347131748427;109.81700808447219;135.2132682727557;114.69801350983298;139.25886163483324;106.32256425802858;185.09565460457358;152.44110848041728;151.6872757393284;162.43497694361378;170.42425713892567;195.30634180779273;119.50260852059165;163.13927656673312
2024-05-01;156.76909889616599;142.83619727876223;144.37034591531875;271.4280061368293;135.47494894428672;119.34566118427519;114.79932938840267;160.89583517137999;114.979821946725;147.50108575718397;135.43970795526332;194.3492593638815;140.31111945681783;154.19126461633758;162.64780384213023;171.08497478471344;197.44967813653;116.69763016798791;164.26400794842493
2024-06-01;147.35712151974346;143.71875184087116;144.9208708599409;188.1931365208853;294.1394772633441;109.35008141909961;107.48906171550337;148.45274397575912;115.71808431630693;140.9170949578168;163.18419610953836;186.3312883105076;144.08797833956808;153.30084775325415;163.43066761025526;172.07201437159503;203.44747054947723;119.29602706807256;160.99957359141374
2024-07-01;149.65170047837228;147.28294331306196;145.62950094758585;116.84068128153342;313.7290186795418;113.30323329644688;126.19668795713169;165.4365766157473;130.68303161618246;152.8623267592701;155.465297410888;186.6772042579848;161.08916936067712;152.77713654126984;163.24528919420786;172.4261199416412;186.23470519387908;133.56266969047385;172.38425548555648
2024-08-01;147.28124762344183;147.7745984548634;146.44979946004622;78.70945089954832;291.8382581527917;116.315523087894;128.7014303345424;155.2397767202749;137.84950252171353;156.86314917571497;168.19033636717813;179.7848948941941;162.558924687501;155.33915490987144;162.45812064347464;172.67313467749887;185.14164112724902;125.72634175995525;170.80688535080955
2024-09-01;144.79670189548858;147.82665266807604;147.3296688407707;74.40885546103442;188.5883649907674;115.83738667656327;124.8013663306414;137.183473880437;135.5314914094263;153.40556489753158;155.20940988116195;180.89653722206313;161.31297541543387;153.5984739407996;162.95831977885078;173.01343574154208;181.92207707683946;119.97664351288519;172.72666034315753
2024-10-01;148.10395140212873;149.04702210828046;148.21264599445087;67.85257321129818;71.47978710726058;118.51599940217214;134.33710123003507;135.751957748545;128.1229734795172;159.65921981927957;184.57189923507406;182.73904879045614;170.73354015672498;157.24933700520137;162.49226810995884;173.23000109539655;177.24701251916088;126.92668590230456;175.77128836607662
2024-11-01;148.17873351747122;150.8020589201124;149.04951531608577;81.03871439323747;146.17009794885973;113.8015394826107;130.81905949069474;136.1158544023994;127.98405499876621;159.38757023176794;187.6382570139711;182.14016225478045;171.43513921600078;157.99806078342928;162.78026461527526;173.45947874992322;176.43464299809807;122.0499915337995;173.94907317855285
2024-12-01;148.67760152837457;151.4852747475974;149.8039971465749;110.4933409903601;114.4840706569845;118.6774315974072;122.40586211001634;145.811944459274;122.1428910701598;150.43204438310033;195.25779227004566;182.451129782909;176.4567362991631;160.98059064393374;162.88552460173003;174.40113326016336;169.65090579798863;126.33380444140221;174.58644028820314
2025-01-01;146.4966364505224;151.93093339871064;150.45108861213475;91.89780236797522;156.42193089701684;122.43324526042862;106.91362417711214;166.44389700391375;133.80836340738318;148.1174266677723;195.33013412741715;182.5970381941887;186.03519536690266;153.53201843731992;163.00530999749213;167.79089064712173;186.9210688248743;141.0061412405926;183.76791773616296
2025-02-01;141.4045996405343;153.5426543818916;150.98034891323766;75.11912598157055;221.9985491733999;110.36478759199866;107.90734540885771;156.33439889564903;130.77047864720444;149.1024390076126;185.77483176635613;177.05279416401737;177.64451896274593;153.9624735920752;163.0217299635528;168.38119266482943;176.1443626402935;138.32119478968073;168.22816150774673
2025-03-01;150.61015153616984;149.34718181686975;151.39565416407993;147.9911057875826;132.3985086741594;116.99841386620304;115.94489567750328;146.21817499571625;132.34831570211912;153.95339851753263;149.83162523967243;185.05516878200646;192.51948040594985;154.69546732540888;161.3353815011886;171.96304526390455;190.7117184604235;138.33566998687422;170.43889970362898
2025-04-01;158.93929877299897;152.38409803081473;151.71206688080076;213.98245091066835;151.95250115370155;116.10330270732648;118.8762451656828;129.68897315499117;133.19035284130663;159.25693846510723;124.73051428365673;189.5040537511271;194.90511067789095;160.78693529539842;160.75040083398565;171.38376769282078;194.56992065496573;122.3146274825809;182.3922002019166
2025-05-01;165.07464344720012;152.2705188263382;151.95539463227337;284.59974164748013;145.54659188073086;125.01539867078142;121.16045245726588;146.89977441052014;122.0371868246787;160.85179024280774;160.03111296439582;196.11605316886792;176.4706021192234;159.22137768412878;160.78838935605253;171.95272429565065;196.89112540699998;118.2137484996598;177.67087254762157
2025-06-01;156.78890416942744;151.5483019514581;152.15179812916776;197.86315727298535;93.55909013431905;121.610241089536;116.40672332781403;161.83425327248702;126.26600331393408;155.5319754937918;190.26871804243763;189.15512905308626;184.3666218483169;160.57825238878817;161.8719834655142;173.0316839378383;203.46908315947928;118.22574397418315;174.55020243913438
2025-07-01;153.77022153385636;151.29330094897705;152.32498289774358;118.87568117225979;77.64448473961806;128.55061989546488;124.8529081077739;161.73952293795764;131.7864746326178;154.37770436297632;166.11533390589827;188.3996250962732;195.83576954335993;158.52667374064268;161.35362867589183;173.53385597387268;185.7684584098904;133.16785987672566;186.38855458426588
2025-08-01;150.3757944872851;152.1759438103659;152.49533315689828;78.32148458168004;293.14931622035465;127.29105682101638;122.72490215930046;152.5245211251662;136.87812241344602;152.13429691003626;181.92991444769035;184.736007465422;203.18517874951021;159.0606166813686;160.6977160292281;173.46620086995514;185.2566818002439;125.99029351525164;185.76727548610415
2025-09-01;151.7055476662217;153.2777218239828;152.67467660504377;75.47728828663327;288.47377316990344;125.16006283992336;123.86535162331407;138.92235169361075;138.8259177199085;154.26856984843306;166.63317127151115;185.9188785976128;223.96706048178626;161.02441014029628;161.1296997469598;174.3118868562889;182.45635974282067;122.99123691868247;190.80146823293
2025-10-01;152.83834864492212;153.0907347292678;152.86703212981183;71.70486887513898;118.44066364840708;128.19368696345484;130.39940098937294;138.56912599010457;132.89503429662142;159.9102778399418;186.79590312165908;187.5674744198488;210.79881854007175;163.27805607437455;160.3506394020737;173.6277516535362;177.42492730749396;128.8472963948685;189.79245190012875
2025-11-01;147.9716863499831;153.01278783725704;153.07496727109654;90.34238812270414;120.43156076267306;122.00005527215063;120.13921727152892;138.38026356150982;124.54509082765442;149.76239119956492;192.70714135379498;185.51960182626522;196.2764528966126;158.7708225767162;160.64646857886805;173.64548872485398;176.50431437850955;123.25284659781595;179.87747537281444
2025-12-01;153.84616590720057;155.9478220261711;153.30179867180632;145.86989364700167;136.12064507484186;130.30262662011546;117.31991366603664;159.91055723946968;121.94485919456754;148.5788719598116;199.1789416375233;185.809987244129;201.54471044015878;163.24455865790114;160.744962864348;174.54233881230664;169.714383320505;128.82112625586268;183.42959740642672
2026-01-01;149.429834187148;156.3008707103094;153.54792524515582;113.60775630451928;229.43035569261974;135.23614445307385;104.3837965836484;162.2447323633679;133.2679222045466;145.9721997406466;199.47191955630146;187.0153987307981;199.07298953031093;153.9387385386234;160.69765518297075;167.19286549087386;187.3494373063952;141.38663803717154;186.78057376673024
2026-02-01;139.31163157262827;152.46232518014887;153.81146081015922;80.72005362094662;252.64674327528454;121.52554192172519;98.81732174058814;147.25669976165548;130.46182199068858;143.5807573711422;192.45323094387118;175.7788701180104;188.41334224359247;153.6303580295439;160.72354013191625;168.9396189054011;177.1657953104717;139.3856847818947;161.84672758212525
2026-03-01;159.97685005773832;156.73111231345317;154.08801458161344;177.8193378525388;168.99890425576126;136.1793221831732;122.01960899303859;154.56623968530164;143.26777944538657;160.29804207097516;153.82613695088133;194.3616548536818;210.45451798494784;158.76596348980348;159.23541557569825;172.2869296577936;191.8526862633952;139.62829688556127;182.27222553710328
2026-04-01;161.60721101015756;154.3364020148692;154.36994201063817;237.41027950581687;108.79857703103634;136.2019641044786;115.6836880055977;138.58736501445708;130.80787609627822;154.13010396552136;124.77543683998763;193.43203511937256;203.63700744499752;160.30488297902707;158.60905245307256;171.48811592139384;195.4687442296952;119.9224326941158;186.34239619007937
2026-05-01;165.47141407640655;153.62027214485033;154.65561262723506;297.66328687521553;102.84501448653546;144.5967529500888;114.35305710085582;158.636247652612;124.37793558319888;153.9137650872326;157.15323367854498;197.2634670071408;179.164480969523;159.78965431526314;158.57420010413682;171.81406255257423;198.5636555729842;116.71788484887315;178.51789205600622
